id,no_serie,hora_partida,hora_chegada,partida,chegada
1,AirbusA320-0010,2025-01-01 15:01:00,2025-01-01 17:10:00,FCO,LHR
2,AirbusA320-0001,2025-01-01 23:50:00,2025-01-02 02:24:00,FCO,LIS
3,Boeing737-0009,2025-01-01 16:48:00,2025-01-01 19:23:00,LIS,LHR
4,EmbraerE195-0011,2025-01-01 19:55:00,2025-01-01 22:15:00,LTN,LIS
5,Boeing737-0000,2025-01-01 19:00:00,2025-01-01 21:42:00,FRA,CDG
6,EmbraerE195-0002,2025-01-02 17:04:00,2025-01-02 19:33:00,LTN,AMS
7,AirbusA320-0010,2025-01-02 19:03:00,2025-01-02 22:00:00,LGW,MXP
8,Boeing737-0003,2025-01-02 12:03:00,2025-01-02 14:52:00,LHR,ORY
9,EmbraerE195-0002,2025-01-02 17:05:00,2025-01-02 19:40:00,LHR,FRA
10,AirbusA320-0010,2025-01-02 03:42:00,2025-01-02 05:44:00,LHR,LTN
11,Boeing737-0009,2025-01-03 19:22:00,2025-01-03 21:37:00,LGW,LTN
12,Boeing737-0003,2025-01-03 14:08:00,2025-01-03 16:39:00,LHR,AMS
13,AirbusA320-0001,2025-01-03 08:22:00,2025-01-03 10:32:00,FRA,LIS
14,AirbusA320-0001,2025-01-03 01:34:00,2025-01-03 04:03:00,LTN,FRA
15,EmbraerE195-0002,2025-01-03 14:45:00,2025-01-03 17:12:00,FRA,LHR
16,EmbraerE195-0002,2025-01-04 21:23:00,2025-01-04 23:24:00,CDG,LGW
17,AirbusA320-0004,2025-01-04 21:16:00,2025-01-05 00:13:00,LTN,LIS
18,Boeing737-0006,2025-01-04 13:59:00,2025-01-04 16:58:00,CDG,AMS
19,Boeing737-0003,2025-01-04 12:09:00,2025-01-04 15:01:00,FRA,LTN
20,Boeing737-0006,2025-01-04 02:47:00,2025-01-04 05:14:00,AMS,MXP
21,AirbusA320-0004,2025-01-05 11:22:00,2025-01-05 14:12:00,ORY,FCO
22,EmbraerE195-0002,2025-01-05 08:42:00,2025-01-05 11:33:00,MXP,FRA
23,Boeing737-0003,2025-01-05 10:26:00,2025-01-05 13:03:00,FRA,LGW
24,AirbusA320-0004,2025-01-05 14:16:00,2025-01-05 17:10:00,LHR,LGW
25,Boeing737-0006,2025-01-05 17:47:00,2025-01-05 20:23:00,AMS,LGW
26,Boeing737-0009,2025-01-06 18:58:00,2025-01-06 21:34:00,FRA,ORY
27,Boeing737-0003,2025-01-06 06:26:00,2025-01-06 09:00:00,ORY,AMS
28,Boeing737-0000,2025-01-06 17:06:00,2025-01-06 19:56:00,LGW,FRA
29,Boeing737-0003,2025-01-06 14:53:00,2025-01-06 17:16:00,FCO,LGW
30,AirbusA320-0004,2025-01-06 15:50:00,2025-01-06 18:40:00,AMS,CDG
31,EmbraerE195-0011,2025-01-07 21:52:00,2025-01-08 00:16:00,CDG,ORY
32,AirbusA320-0010,2025-01-07 00:37:00,2025-01-07 03:23:00,FRA,AMS
33,Boeing737-0003,2025-01-07 22:37:00,2025-01-08 01:00:00,LIS,LTN
34,Boeing737-0009,2025-01-07 04:26:00,2025-01-07 06:54:00,FRA,LIS
35,AirbusA320-0004,2025-01-07 19:07:00,2025-01-07 21:28:00,LIS,AMS
36,EmbraerE195-0008,2025-01-08 07:53:00,2025-01-08 10:28:00,LHR,CDG
37,Boeing737-0006,2025-01-08 14:45:00,2025-01-08 17:30:00,FRA,CDG
38,Boeing737-0000,2025-01-08 06:48:00,2025-01-08 09:47:00,FRA,AMS
39,AirbusA320-0010,2025-01-08 20:00:00,2025-01-08 22:14:00,LGW,LTN
40,Boeing737-0003,2025-01-08 08:44:00,2025-01-08 11:18:00,CDG,AMS
41,AirbusA320-0001,2025-01-09 15:48:00,2025-01-09 18:18:00,LTN,FRA
42,EmbraerE195-0011,2025-01-09 01:13:00,2025-01-09 03:44:00,FCO,MXP
43,AirbusA320-0004,2025-01-09 04:16:00,2025-01-09 07:05:00,LHR,LTN
44,Boeing737-0000,2025-01-09 14:24:00,2025-01-09 16:57:00,AMS,LHR
45,EmbraerE195-0008,2025-01-09 10:12:00,2025-01-09 12:28:00,FRA,FCO
46,AirbusA320-0004,2025-01-10 17:20:00,2025-01-10 20:11:00,LHR,CDG
47,AirbusA320-0010,2025-01-10 06:39:00,2025-01-10 08:39:00,AMS,MXP
48,Boeing737-0009,2025-01-10 08:39:00,2025-01-10 10:44:00,LHR,LGW
49,AirbusA320-0007,2025-01-10 18:00:00,2025-01-10 20:09:00,LHR,AMS
50,EmbraerE195-0008,2025-01-10 05:30:00,2025-01-10 08:01:00,FRA,FCO
51,Boeing737-0003,2025-01-11 22:11:00,2025-01-12 00:37:00,LGW,ORY
52,EmbraerE195-0008,2025-01-11 17:33:00,2025-01-11 20:00:00,LHR,CDG
53,Boeing737-0003,2025-01-11 08:30:00,2025-01-11 10:49:00,AMS,LTN
54,AirbusA320-0001,2025-01-11 00:03:00,2025-01-11 02:57:00,LTN,ORY
55,Boeing737-0009,2025-01-11 11:02:00,2025-01-11 13:16:00,ORY,CDG
56,AirbusA320-0007,2025-01-12 00:55:00,2025-01-12 02:55:00,LTN,MXP
57,AirbusA320-0004,2025-01-12 01:13:00,2025-01-12 04:05:00,FRA,CDG
58,Boeing737-0006,2025-01-12 22:34:00,2025-01-13 00:42:00,CDG,FRA
59,EmbraerE195-0002,2025-01-12 19:30:00,2025-01-12 21:44:00,FCO,LGW
60,AirbusA320-0007,2025-01-12 21:31:00,2025-01-12 23:43:00,MXP,FRA
61,Boeing737-0009,2025-01-13 22:36:00,2025-01-14 00:58:00,LGW,LTN
62,Boeing737-0009,2025-01-13 19:11:00,2025-01-13 21:28:00,ORY,FCO
63,EmbraerE195-0002,2025-01-13 00:18:00,2025-01-13 02:23:00,FCO,LIS
64,AirbusA320-0004,2025-01-13 00:03:00,2025-01-13 02:18:00,ORY,CDG
65,Boeing737-0003,2025-01-13 01:21:00,2025-01-13 03:52:00,MXP,FCO
66,AirbusA320-0010,2025-01-14 16:02:00,2025-01-14 18:08:00,LHR,FCO
67,EmbraerE195-0011,2025-01-14 23:42:00,2025-01-15 02:17:00,FRA,FCO
68,EmbraerE195-0005,2025-01-14 07:37:00,2025-01-14 10:21:00,ORY,FCO
69,EmbraerE195-0011,2025-01-14 09:35:00,2025-01-14 12:00:00,LGW,FCO
70,AirbusA320-0007,2025-01-14 22:33:00,2025-01-15 01:09:00,LHR,FCO
71,AirbusA320-0010,2025-01-15 02:27:00,2025-01-15 05:23:00,ORY,LTN
72,EmbraerE195-0011,2025-01-15 07:06:00,2025-01-15 09:14:00,FRA,LTN
73,EmbraerE195-0011,2025-01-15 03:26:00,2025-01-15 06:18:00,LTN,LIS
74,AirbusA320-0007,2025-01-15 16:55:00,2025-01-15 19:44:00,LHR,LGW
75,Boeing737-0009,2025-01-15 10:04:00,2025-01-15 13:01:00,LIS,AMS
76,Boeing737-0006,2025-01-16 11:29:00,2025-01-16 14:14:00,AMS,ORY
77,Boeing737-0003,2025-01-16 05:22:00,2025-01-16 07:22:00,AMS,CDG
78,AirbusA320-0004,2025-01-16 14:22:00,2025-01-16 17:07:00,MXP,LTN
79,EmbraerE195-0002,2025-01-16 04:11:00,2025-01-16 06:45:00,LHR,CDG
80,EmbraerE195-0005,2025-01-16 05:16:00,2025-01-16 07:32:00,LIS,ORY
81,Boeing737-0003,2025-01-17 16:30:00,2025-01-17 18:53:00,ORY,MXP
82,AirbusA320-0007,2025-01-17 19:34:00,2025-01-17 21:34:00,FRA,AMS
83,EmbraerE195-0005,2025-01-17 02:58:00,2025-01-17 05:31:00,CDG,FRA
84,AirbusA320-0001,2025-01-17 14:45:00,2025-01-17 17:23:00,AMS,FCO
85,Boeing737-0006,2025-01-17 02:52:00,2025-01-17 05:49:00,LIS,MXP
86,AirbusA320-0007,2025-01-18 21:35:00,2025-01-19 00:03:00,LTN,LIS
87,AirbusA320-0007,2025-01-18 02:51:00,2025-01-18 05:01:00,AMS,LIS
88,AirbusA320-0007,2025-01-18 15:50:00,2025-01-18 18:02:00,LGW,LIS
89,Boeing737-0006,2025-01-18 02:06:00,2025-01-18 04:19:00,FCO,LHR
90,AirbusA320-0010,2025-01-18 18:40:00,2025-01-18 21:13:00,CDG,FCO
91,EmbraerE195-0011,2025-01-19 17:18:00,2025-01-19 19:36:00,LIS,FCO
92,Boeing737-0000,2025-01-19 10:44:00,2025-01-19 13:23:00,LHR,CDG
93,EmbraerE195-0005,2025-01-19 06:53:00,2025-01-19 09:27:00,CDG,LTN
94,AirbusA320-0007,2025-01-19 01:20:00,2025-01-19 04:18:00,CDG,LIS
95,AirbusA320-0007,2025-01-19 01:41:00,2025-01-19 04:06:00,FCO,LIS
96,EmbraerE195-0008,2025-01-20 21:54:00,2025-01-21 00:05:00,LGW,MXP
97,EmbraerE195-0008,2025-01-20 06:50:00,2025-01-20 09:14:00,LHR,LGW
98,AirbusA320-0007,2025-01-20 14:04:00,2025-01-20 16:36:00,AMS,LTN
99,AirbusA320-0004,2025-01-20 04:38:00,2025-01-20 06:38:00,LTN,FRA
100,AirbusA320-0007,2025-01-20 12:28:00,2025-01-20 15:24:00,MXP,LHR
101,AirbusA320-0001,2025-01-21 12:20:00,2025-01-21 15:07:00,FRA,AMS
102,EmbraerE195-0005,2025-01-21 05:27:00,2025-01-21 08:17:00,LHR,LTN
103,Boeing737-0009,2025-01-21 06:43:00,2025-01-21 09:07:00,MXP,AMS
104,AirbusA320-0004,2025-01-21 10:45:00,2025-01-21 13:17:00,FRA,MXP
105,EmbraerE195-0005,2025-01-21 09:35:00,2025-01-21 11:56:00,ORY,CDG
106,Boeing737-0006,2025-01-22 02:31:00,2025-01-22 05:07:00,ORY,LGW
107,EmbraerE195-0005,2025-01-22 17:08:00,2025-01-22 20:06:00,CDG,LHR
108,Boeing737-0000,2025-01-22 05:49:00,2025-01-22 08:41:00,FRA,FCO
109,AirbusA320-0007,2025-01-22 05:36:00,2025-01-22 08:13:00,LTN,CDG
110,EmbraerE195-0005,2025-01-22 11:00:00,2025-01-22 13:16:00,FCO,FRA
111,Boeing737-0006,2025-01-23 00:57:00,2025-01-23 03:36:00,LTN,FCO
112,EmbraerE195-0005,2025-01-23 06:48:00,2025-01-23 09:24:00,MXP,CDG
113,EmbraerE195-0002,2025-01-23 14:35:00,2025-01-23 16:49:00,AMS,FCO
114,AirbusA320-0001,2025-01-23 00:23:00,2025-01-23 02:52:00,LGW,AMS
115,Boeing737-0009,2025-01-23 10:15:00,2025-01-23 12:39:00,CDG,LGW
116,EmbraerE195-0002,2025-01-24 19:53:00,2025-01-24 21:59:00,ORY,LTN
117,EmbraerE195-0002,2025-01-24 18:19:00,2025-01-24 21:07:00,FRA,LHR
118,Boeing737-0000,2025-01-24 09:25:00,2025-01-24 12:08:00,MXP,LIS
119,EmbraerE195-0002,2025-01-24 03:53:00,2025-01-24 06:08:00,LHR,CDG
120,EmbraerE195-0005,2025-01-24 04:05:00,2025-01-24 06:20:00,LTN,CDG
121,Boeing737-0006,2025-01-25 06:49:00,2025-01-25 09:01:00,LGW,LTN
122,AirbusA320-0004,2025-01-25 16:57:00,2025-01-25 19:11:00,FRA,LGW
123,AirbusA320-0010,2025-01-25 13:44:00,2025-01-25 15:46:00,LTN,LGW
124,Boeing737-0000,2025-01-25 00:42:00,2025-01-25 02:46:00,LIS,CDG
125,Boeing737-0006,2025-01-25 23:15:00,2025-01-26 01:15:00,FCO,FRA
126,EmbraerE195-0011,2025-01-26 07:58:00,2025-01-26 10:56:00,LIS,LTN
127,AirbusA320-0010,2025-01-26 02:52:00,2025-01-26 05:01:00,ORY,LHR
128,Boeing737-0000,2025-01-26 11:15:00,2025-01-26 14:07:00,LIS,FRA
129,Boeing737-0000,2025-01-26 09:39:00,2025-01-26 12:35:00,LHR,LGW
130,AirbusA320-0010,2025-01-26 06:29:00,2025-01-26 09:26:00,LHR,LTN
131,EmbraerE195-0011,2025-01-27 02:39:00,2025-01-27 05:07:00,FRA,LTN
132,AirbusA320-0010,2025-01-27 16:51:00,2025-01-27 19:04:00,LHR,CDG
133,Boeing737-0000,2025-01-27 22:57:00,2025-01-28 01:27:00,LTN,LGW
134,AirbusA320-0007,2025-01-27 06:15:00,2025-01-27 08:26:00,FCO,AMS
135,Boeing737-0000,2025-01-27 23:26:00,2025-01-28 02:10:00,FCO,LHR
136,Boeing737-0009,2025-01-28 20:49:00,2025-01-28 23:08:00,CDG,LTN
137,EmbraerE195-0011,2025-01-28 16:53:00,2025-01-28 19:04:00,AMS,LTN
138,EmbraerE195-0011,2025-01-28 17:11:00,2025-01-28 19:27:00,LHR,FRA
139,AirbusA320-0004,2025-01-28 03:07:00,2025-01-28 05:57:00,FRA,LTN
140,AirbusA320-0007,2025-01-28 17:07:00,2025-01-28 19:42:00,ORY,FCO
141,Boeing737-0006,2025-01-29 00:51:00,2025-01-29 03:33:00,ORY,LIS
142,EmbraerE195-0011,2025-01-29 05:10:00,2025-01-29 07:19:00,LGW,LIS
143,EmbraerE195-0011,2025-01-29 16:26:00,2025-01-29 18:42:00,CDG,MXP
144,EmbraerE195-0002,2025-01-29 10:16:00,2025-01-29 12:27:00,LHR,FCO
145,EmbraerE195-0005,2025-01-29 18:59:00,2025-01-29 21:27:00,LHR,FCO
146,Boeing737-0009,2025-01-30 03:16:00,2025-01-30 06:08:00,LTN,CDG
147,Boeing737-0006,2025-01-30 16:22:00,2025-01-30 18:22:00,LHR,FCO
148,AirbusA320-0010,2025-01-30 01:19:00,2025-01-30 03:35:00,CDG,FRA
149,Boeing737-0000,2025-01-30 22:54:00,2025-01-31 01:05:00,LTN,CDG
150,AirbusA320-0007,2025-01-30 06:30:00,2025-01-30 08:53:00,LIS,FRA
151,AirbusA320-0007,2025-01-31 00:58:00,2025-01-31 03:00:00,LIS,CDG
152,AirbusA320-0001,2025-01-31 03:41:00,2025-01-31 06:12:00,FRA,LGW
153,Boeing737-0003,2025-01-31 02:20:00,2025-01-31 04:54:00,LIS,MXP
154,Boeing737-0000,2025-01-31 13:38:00,2025-01-31 15:49:00,LGW,FCO
155,Boeing737-0006,2025-01-31 04:28:00,2025-01-31 06:30:00,CDG,AMS
156,EmbraerE195-0011,2025-02-01 01:14:00,2025-02-01 03:37:00,AMS,LGW
157,EmbraerE195-0011,2025-02-01 21:30:00,2025-02-02 00:13:00,FRA,AMS
158,AirbusA320-0001,2025-02-01 04:30:00,2025-02-01 06:59:00,LTN,MXP
159,EmbraerE195-0011,2025-02-01 13:01:00,2025-02-01 15:18:00,LGW,MXP
160,EmbraerE195-0002,2025-02-01 22:41:00,2025-02-02 01:12:00,ORY,LHR
161,Boeing737-0000,2025-02-02 03:33:00,2025-02-02 06:08:00,LTN,FCO
162,AirbusA320-0007,2025-02-02 02:09:00,2025-02-02 05:03:00,LGW,LHR
163,AirbusA320-0010,2025-02-02 19:30:00,2025-02-02 22:19:00,LHR,LIS
164,AirbusA320-0010,2025-02-02 09:59:00,2025-02-02 12:25:00,MXP,AMS
165,AirbusA320-0007,2025-02-02 04:10:00,2025-02-02 06:50:00,LIS,AMS
166,EmbraerE195-0002,2025-02-03 08:31:00,2025-02-03 10:34:00,FRA,AMS
167,AirbusA320-0001,2025-02-03 14:41:00,2025-02-03 17:26:00,FRA,MXP
168,Boeing737-0009,2025-02-03 04:11:00,2025-02-03 07:03:00,CDG,FRA
169,AirbusA320-0004,2025-02-03 22:09:00,2025-02-04 00:33:00,ORY,AMS
170,AirbusA320-0007,2025-02-03 14:39:00,2025-02-03 17:29:00,LGW,MXP
171,EmbraerE195-0002,2025-02-04 05:20:00,2025-02-04 07:59:00,FCO,LGW
172,AirbusA320-0010,2025-02-04 18:02:00,2025-02-04 20:55:00,MXP,LHR
173,Boeing737-0003,2025-02-04 14:59:00,2025-02-04 17:48:00,FCO,FRA
174,AirbusA320-0007,2025-02-04 01:25:00,2025-02-04 03:40:00,ORY,CDG
175,Boeing737-0009,2025-02-04 19:24:00,2025-02-04 21:39:00,LGW,LIS
176,AirbusA320-0010,2025-02-05 23:34:00,2025-02-06 02:07:00,AMS,LGW
177,EmbraerE195-0008,2025-02-05 13:44:00,2025-02-05 16:10:00,LGW,MXP
178,EmbraerE195-0008,2025-02-05 22:03:00,2025-02-06 00:07:00,LGW,LHR
179,AirbusA320-0004,2025-02-05 06:51:00,2025-02-05 09:34:00,ORY,CDG
180,AirbusA320-0007,2025-02-05 10:05:00,2025-02-05 13:01:00,LGW,MXP
181,AirbusA320-0007,2025-02-06 01:36:00,2025-02-06 03:42:00,LTN,ORY
182,AirbusA320-0007,2025-02-06 00:47:00,2025-02-06 03:21:00,LGW,LHR
183,AirbusA320-0004,2025-02-06 16:28:00,2025-02-06 19:15:00,ORY,MXP
184,Boeing737-0009,2025-02-06 07:59:00,2025-02-06 10:05:00,MXP,LHR
185,Boeing737-0009,2025-02-06 12:42:00,2025-02-06 14:52:00,CDG,FRA
186,Boeing737-0000,2025-02-07 12:06:00,2025-02-07 15:03:00,FCO,CDG
187,EmbraerE195-0002,2025-02-07 20:33:00,2025-02-07 23:04:00,MXP,FRA
188,EmbraerE195-0008,2025-02-07 04:15:00,2025-02-07 06:26:00,LIS,LGW
189,Boeing737-0009,2025-02-07 18:33:00,2025-02-07 20:59:00,CDG,LHR
190,Boeing737-0003,2025-02-07 13:56:00,2025-02-07 16:28:00,LIS,FRA
191,EmbraerE195-0002,2025-02-08 19:58:00,2025-02-08 21:58:00,LIS,AMS
192,AirbusA320-0001,2025-02-08 12:07:00,2025-02-08 14:16:00,ORY,LHR
193,AirbusA320-0007,2025-02-08 08:15:00,2025-02-08 10:18:00,LTN,LIS
194,EmbraerE195-0002,2025-02-08 14:49:00,2025-02-08 17:45:00,AMS,LHR
195,EmbraerE195-0005,2025-02-08 04:47:00,2025-02-08 07:19:00,CDG,LHR
196,EmbraerE195-0005,2025-02-09 19:47:00,2025-02-09 22:22:00,ORY,CDG
197,EmbraerE195-0002,2025-02-09 11:48:00,2025-02-09 14:16:00,ORY,LHR
198,EmbraerE195-0008,2025-02-09 07:40:00,2025-02-09 09:58:00,FRA,MXP
199,AirbusA320-0010,2025-02-09 04:25:00,2025-02-09 07:13:00,MXP,CDG
200,AirbusA320-0010,2025-02-09 11:21:00,2025-02-09 13:45:00,LGW,AMS
201,AirbusA320-0007,2025-02-10 12:33:00,2025-02-10 15:01:00,FRA,LIS
202,AirbusA320-0001,2025-02-10 16:33:00,2025-02-10 19:27:00,AMS,FCO
203,EmbraerE195-0011,2025-02-10 03:58:00,2025-02-10 06:43:00,FRA,MXP
204,Boeing737-0000,2025-02-10 19:22:00,2025-02-10 22:01:00,FCO,LHR
205,EmbraerE195-0011,2025-02-10 11:48:00,2025-02-10 14:37:00,LGW,ORY
206,AirbusA320-0001,2025-02-11 23:22:00,2025-02-12 02:03:00,LGW,LIS
207,AirbusA320-0004,2025-02-11 10:34:00,2025-02-11 12:49:00,LGW,ORY
208,EmbraerE195-0008,2025-02-11 16:39:00,2025-02-11 19:05:00,LHR,LGW
209,AirbusA320-0007,2025-02-11 18:38:00,2025-02-11 21:17:00,LHR,FCO
210,AirbusA320-0001,2025-02-11 20:20:00,2025-02-11 22:55:00,LHR,CDG
211,Boeing737-0006,2025-02-12 09:46:00,2025-02-12 12:08:00,CDG,FRA
212,AirbusA320-0007,2025-02-12 12:21:00,2025-02-12 14:21:00,MXP,LIS
213,AirbusA320-0004,2025-02-12 23:11:00,2025-02-13 01:35:00,LTN,FRA
214,AirbusA320-0007,2025-02-12 23:32:00,2025-02-13 02:19:00,FRA,LTN
215,AirbusA320-0010,2025-02-12 09:51:00,2025-02-12 12:25:00,LTN,LHR
216,EmbraerE195-0011,2025-02-13 18:51:00,2025-02-13 21:47:00,MXP,LIS
217,Boeing737-0000,2025-02-13 23:31:00,2025-02-14 01:48:00,ORY,MXP
218,Boeing737-0000,2025-02-13 14:32:00,2025-02-13 16:50:00,FCO,ORY
219,EmbraerE195-0005,2025-02-13 20:43:00,2025-02-13 23:02:00,LIS,ORY
220,Boeing737-0003,2025-02-13 15:01:00,2025-02-13 17:05:00,ORY,AMS
221,Boeing737-0000,2025-02-14 02:27:00,2025-02-14 04:32:00,LTN,FRA
222,AirbusA320-0010,2025-02-14 17:59:00,2025-02-14 20:58:00,MXP,ORY
223,Boeing737-0000,2025-02-14 17:12:00,2025-02-14 19:39:00,FCO,MXP
224,AirbusA320-0010,2025-02-14 04:22:00,2025-02-14 06:28:00,CDG,FRA
225,EmbraerE195-0011,2025-02-14 22:52:00,2025-02-15 01:15:00,LGW,MXP
226,EmbraerE195-0002,2025-02-15 11:27:00,2025-02-15 14:06:00,FRA,CDG
227,AirbusA320-0010,2025-02-15 21:37:00,2025-02-15 23:51:00,ORY,FRA
228,Boeing737-0003,2025-02-15 22:22:00,2025-02-16 01:05:00,LGW,CDG
229,AirbusA320-0010,2025-02-15 23:15:00,2025-02-16 01:24:00,ORY,LGW
230,Boeing737-0006,2025-02-15 04:14:00,2025-02-15 07:01:00,FRA,LHR
231,AirbusA320-0010,2025-02-16 19:23:00,2025-02-16 21:56:00,LIS,MXP
232,AirbusA320-0007,2025-02-16 18:07:00,2025-02-16 20:08:00,MXP,FRA
233,Boeing737-0009,2025-02-16 02:59:00,2025-02-16 05:28:00,MXP,LHR
234,AirbusA320-0001,2025-02-16 11:48:00,2025-02-16 13:56:00,FRA,CDG
235,EmbraerE195-0002,2025-02-16 03:17:00,2025-02-16 05:33:00,LTN,MXP
236,EmbraerE195-0002,2025-02-17 10:36:00,2025-02-17 13:25:00,LTN,AMS
237,EmbraerE195-0011,2025-02-17 05:07:00,2025-02-17 07:25:00,FCO,LTN
238,Boeing737-0009,2025-02-17 02:22:00,2025-02-17 04:23:00,FCO,LGW
239,EmbraerE195-0002,2025-02-17 18:50:00,2025-02-17 21:46:00,LTN,ORY
240,Boeing737-0009,2025-02-17 15:00:00,2025-02-17 17:04:00,FCO,FRA
241,AirbusA320-0004,2025-02-18 00:44:00,2025-02-18 03:01:00,MXP,AMS
242,AirbusA320-0007,2025-02-18 17:20:00,2025-02-18 20:04:00,LTN,FRA
243,EmbraerE195-0002,2025-02-18 04:20:00,2025-02-18 06:31:00,LTN,LHR
244,Boeing737-0006,2025-02-18 08:19:00,2025-02-18 11:05:00,LTN,CDG
245,AirbusA320-0007,2025-02-18 18:58:00,2025-02-18 21:00:00,LHR,LTN
246,EmbraerE195-0011,2025-02-19 07:18:00,2025-02-19 09:20:00,LGW,FCO
247,Boeing737-0009,2025-02-19 20:10:00,2025-02-19 22:49:00,LHR,CDG
248,AirbusA320-0001,2025-02-19 16:00:00,2025-02-19 18:49:00,LIS,ORY
249,AirbusA320-0010,2025-02-19 12:12:00,2025-02-19 14:16:00,LHR,LTN
250,EmbraerE195-0002,2025-02-19 20:22:00,2025-02-19 23:21:00,AMS,LGW
251,AirbusA320-0007,2025-02-20 00:30:00,2025-02-20 02:32:00,ORY,FRA
252,AirbusA320-0001,2025-02-20 17:11:00,2025-02-20 19:50:00,LIS,LHR
253,EmbraerE195-0005,2025-02-20 19:02:00,2025-02-20 21:06:00,ORY,LIS
254,EmbraerE195-0011,2025-02-20 06:25:00,2025-02-20 08:36:00,LHR,LGW
255,AirbusA320-0010,2025-02-20 17:29:00,2025-02-20 19:29:00,AMS,LTN
256,EmbraerE195-0005,2025-02-21 20:18:00,2025-02-21 22:51:00,LGW,ORY
257,Boeing737-0006,2025-02-21 21:34:00,2025-02-22 00:26:00,LIS,FCO
258,Boeing737-0000,2025-02-21 02:17:00,2025-02-21 05:04:00,ORY,LHR
259,AirbusA320-0010,2025-02-21 21:31:00,2025-02-22 00:23:00,MXP,LGW
260,Boeing737-0006,2025-02-21 17:40:00,2025-02-21 20:23:00,ORY,FCO
261,Boeing737-0009,2025-02-22 22:36:00,2025-02-23 01:29:00,CDG,ORY
262,Boeing737-0006,2025-02-22 11:09:00,2025-02-22 13:47:00,MXP,LGW
263,Boeing737-0000,2025-02-22 16:27:00,2025-02-22 19:21:00,CDG,FRA
264,AirbusA320-0007,2025-02-22 07:25:00,2025-02-22 09:37:00,LHR,LIS
265,EmbraerE195-0002,2025-02-22 20:57:00,2025-02-22 23:33:00,LHR,AMS
266,AirbusA320-0004,2025-02-23 07:34:00,2025-02-23 10:02:00,LGW,LTN
267,Boeing737-0003,2025-02-23 01:05:00,2025-02-23 03:44:00,LGW,LTN
268,AirbusA320-0004,2025-02-23 03:35:00,2025-02-23 06:12:00,CDG,FRA
269,AirbusA320-0007,2025-02-23 05:07:00,2025-02-23 07:20:00,CDG,AMS
270,AirbusA320-0001,2025-02-23 05:33:00,2025-02-23 08:22:00,FCO,LHR
271,Boeing737-0006,2025-02-24 19:47:00,2025-02-24 22:25:00,FCO,CDG
272,AirbusA320-0010,2025-02-24 01:26:00,2025-02-24 04:13:00,LGW,CDG
273,Boeing737-0003,2025-02-24 21:38:00,2025-02-25 00:07:00,LHR,FCO
274,AirbusA320-0010,2025-02-24 05:34:00,2025-02-24 08:26:00,AMS,LIS
275,Boeing737-0009,2025-02-24 17:40:00,2025-02-24 19:44:00,LTN,MXP
276,AirbusA320-0001,2025-02-25 17:47:00,2025-02-25 19:56:00,LGW,ORY
277,AirbusA320-0001,2025-02-25 15:39:00,2025-02-25 18:00:00,LIS,AMS
278,AirbusA320-0007,2025-02-25 11:08:00,2025-02-25 13:50:00,AMS,FCO
279,AirbusA320-0010,2025-02-25 21:25:00,2025-02-25 23:44:00,CDG,LHR
280,EmbraerE195-0008,2025-02-25 14:44:00,2025-02-25 16:45:00,LIS,LTN
281,EmbraerE195-0011,2025-02-26 08:31:00,2025-02-26 10:45:00,CDG,ORY
282,Boeing737-0000,2025-02-26 15:17:00,2025-02-26 17:55:00,LTN,FRA
283,Boeing737-0003,2025-02-26 13:07:00,2025-02-26 15:51:00,LGW,AMS
284,AirbusA320-0007,2025-02-26 09:30:00,2025-02-26 11:47:00,FRA,LGW
285,Boeing737-0009,2025-02-26 00:24:00,2025-02-26 03:03:00,LGW,LIS
286,EmbraerE195-0005,2025-02-27 06:05:00,2025-02-27 08:17:00,LTN,CDG
287,EmbraerE195-0008,2025-02-27 22:49:00,2025-02-28 01:20:00,FCO,LIS
288,EmbraerE195-0008,2025-02-27 00:53:00,2025-02-27 03:46:00,LHR,ORY
289,AirbusA320-0001,2025-02-27 12:38:00,2025-02-27 15:28:00,CDG,ORY
290,EmbraerE195-0008,2025-02-27 16:14:00,2025-02-27 18:17:00,AMS,CDG
291,AirbusA320-0010,2025-02-28 04:34:00,2025-02-28 07:08:00,LIS,MXP
292,AirbusA320-0010,2025-02-28 10:06:00,2025-02-28 12:22:00,LGW,AMS
293,Boeing737-0006,2025-02-28 21:59:00,2025-03-01 00:02:00,LTN,CDG
294,AirbusA320-0007,2025-02-28 09:57:00,2025-02-28 12:07:00,LGW,AMS
295,EmbraerE195-0005,2025-02-28 17:10:00,2025-02-28 20:00:00,CDG,AMS
296,AirbusA320-0004,2025-03-01 20:50:00,2025-03-01 23:00:00,LTN,LHR
297,Boeing737-0000,2025-03-01 11:03:00,2025-03-01 13:49:00,CDG,AMS
298,AirbusA320-0004,2025-03-01 20:20:00,2025-03-01 22:50:00,FCO,CDG
299,EmbraerE195-0011,2025-03-01 18:17:00,2025-03-01 20:51:00,FCO,MXP
300,Boeing737-0009,2025-03-01 19:14:00,2025-03-01 21:28:00,CDG,FCO
301,EmbraerE195-0005,2025-03-02 05:40:00,2025-03-02 08:18:00,LGW,LIS
302,EmbraerE195-0011,2025-03-02 13:37:00,2025-03-02 16:25:00,CDG,LGW
303,AirbusA320-0007,2025-03-02 01:59:00,2025-03-02 04:37:00,CDG,LTN
304,EmbraerE195-0002,2025-03-02 07:52:00,2025-03-02 10:29:00,AMS,CDG
305,Boeing737-0009,2025-03-02 17:45:00,2025-03-02 20:17:00,MXP,AMS
306,EmbraerE195-0002,2025-03-03 23:24:00,2025-03-04 02:17:00,LIS,FRA
307,Boeing737-0006,2025-03-03 20:02:00,2025-03-03 22:18:00,LGW,FRA
308,Boeing737-0006,2025-03-03 18:33:00,2025-03-03 20:53:00,FCO,MXP
309,EmbraerE195-0008,2025-03-03 03:46:00,2025-03-03 05:56:00,FCO,LHR
310,Boeing737-0009,2025-03-03 12:24:00,2025-03-03 14:36:00,FRA,LHR
311,EmbraerE195-0005,2025-03-04 20:05:00,2025-03-04 22:46:00,ORY,AMS
312,EmbraerE195-0008,2025-03-04 07:21:00,2025-03-04 09:47:00,CDG,FCO
313,Boeing737-0000,2025-03-04 11:39:00,2025-03-04 14:18:00,LHR,CDG
314,Boeing737-0006,2025-03-04 01:41:00,2025-03-04 03:48:00,CDG,ORY
315,AirbusA320-0010,2025-03-04 08:53:00,2025-03-04 11:10:00,FCO,LIS
316,AirbusA320-0004,2025-03-05 18:08:00,2025-03-05 20:35:00,FCO,LHR
317,EmbraerE195-0002,2025-03-05 08:35:00,2025-03-05 10:39:00,CDG,LIS
318,AirbusA320-0007,2025-03-05 06:38:00,2025-03-05 09:10:00,LIS,AMS
319,EmbraerE195-0005,2025-03-05 20:27:00,2025-03-05 23:26:00,MXP,AMS
320,Boeing737-0000,2025-03-05 12:08:00,2025-03-05 15:05:00,MXP,FRA
321,Boeing737-0009,2025-03-06 14:18:00,2025-03-06 17:15:00,LTN,MXP
322,AirbusA320-0007,2025-03-06 10:04:00,2025-03-06 13:03:00,MXP,LHR
323,EmbraerE195-0008,2025-03-06 18:09:00,2025-03-06 21:06:00,LIS,LGW
324,AirbusA320-0004,2025-03-06 21:52:00,2025-03-07 00:07:00,ORY,LTN
325,Boeing737-0006,2025-03-06 03:08:00,2025-03-06 05:42:00,MXP,FRA
326,EmbraerE195-0005,2025-03-07 03:54:00,2025-03-07 06:08:00,LIS,CDG
327,Boeing737-0003,2025-03-07 16:18:00,2025-03-07 18:21:00,CDG,ORY
328,EmbraerE195-0008,2025-03-07 22:47:00,2025-03-08 01:33:00,LGW,AMS
329,AirbusA320-0001,2025-03-07 02:49:00,2025-03-07 05:43:00,MXP,AMS
330,EmbraerE195-0008,2025-03-07 19:07:00,2025-03-07 21:47:00,LGW,FRA
331,Boeing737-0009,2025-03-08 21:39:00,2025-03-09 00:24:00,CDG,LIS
332,AirbusA320-0001,2025-03-08 03:37:00,2025-03-08 05:43:00,LHR,LIS
333,EmbraerE195-0005,2025-03-08 09:39:00,2025-03-08 11:51:00,CDG,LHR
334,Boeing737-0009,2025-03-08 12:11:00,2025-03-08 14:39:00,MXP,LHR
335,EmbraerE195-0002,2025-03-08 03:02:00,2025-03-08 05:33:00,CDG,ORY
336,Boeing737-0000,2025-03-09 23:05:00,2025-03-10 01:44:00,LIS,LHR
337,EmbraerE195-0002,2025-03-09 00:50:00,2025-03-09 03:22:00,LIS,LHR
338,EmbraerE195-0008,2025-03-09 10:50:00,2025-03-09 13:35:00,ORY,AMS
339,AirbusA320-0007,2025-03-09 17:07:00,2025-03-09 19:17:00,MXP,FCO
340,Boeing737-0006,2025-03-09 15:06:00,2025-03-09 17:07:00,FRA,CDG
341,Boeing737-0006,2025-03-10 18:07:00,2025-03-10 20:56:00,LHR,AMS
342,Boeing737-0003,2025-03-10 05:48:00,2025-03-10 08:15:00,LGW,LIS
343,Boeing737-0000,2025-03-10 22:59:00,2025-03-11 01:57:00,LTN,FRA
344,Boeing737-0003,2025-03-10 11:35:00,2025-03-10 14:18:00,LIS,ORY
345,AirbusA320-0010,2025-03-10 09:34:00,2025-03-10 11:47:00,LHR,MXP
346,AirbusA320-0010,2025-03-11 17:26:00,2025-03-11 19:36:00,LGW,AMS
347,EmbraerE195-0011,2025-03-11 08:27:00,2025-03-11 11:24:00,LIS,MXP
348,Boeing737-0003,2025-03-11 00:00:00,2025-03-11 02:41:00,LTN,FCO
349,EmbraerE195-0008,2025-03-11 09:12:00,2025-03-11 11:31:00,CDG,LTN
350,Boeing737-0009,2025-03-11 20:39:00,2025-03-11 23:13:00,MXP,FCO
351,Boeing737-0009,2025-03-12 05:22:00,2025-03-12 08:06:00,LIS,FRA
352,Boeing737-0000,2025-03-12 23:49:00,2025-03-13 02:36:00,LHR,ORY
353,EmbraerE195-0002,2025-03-12 08:53:00,2025-03-12 11:37:00,FRA,LHR
354,AirbusA320-0010,2025-03-12 14:53:00,2025-03-12 16:56:00,FCO,AMS
355,AirbusA320-0010,2025-03-12 01:23:00,2025-03-12 03:56:00,LHR,CDG
356,AirbusA320-0001,2025-03-13 19:13:00,2025-03-13 22:08:00,LHR,LTN
357,AirbusA320-0001,2025-03-13 23:51:00,2025-03-14 02:11:00,LGW,LIS
358,AirbusA320-0001,2025-03-13 16:10:00,2025-03-13 18:47:00,CDG,LGW
359,Boeing737-0003,2025-03-13 02:04:00,2025-03-13 04:50:00,LTN,LGW
360,Boeing737-0006,2025-03-13 18:27:00,2025-03-13 20:35:00,FRA,LIS
361,AirbusA320-0010,2025-03-14 03:51:00,2025-03-14 05:55:00,AMS,LIS
362,EmbraerE195-0002,2025-03-14 16:37:00,2025-03-14 19:32:00,LGW,FRA
363,Boeing737-0006,2025-03-14 05:20:00,2025-03-14 07:48:00,AMS,FCO
364,EmbraerE195-0011,2025-03-14 16:33:00,2025-03-14 19:08:00,LIS,LTN
365,AirbusA320-0001,2025-03-14 02:57:00,2025-03-14 04:59:00,LGW,LTN
366,AirbusA320-0004,2025-03-15 01:06:00,2025-03-15 03:51:00,ORY,LHR
367,EmbraerE195-0011,2025-03-15 02:25:00,2025-03-15 05:10:00,AMS,LIS
368,Boeing737-0000,2025-03-15 05:53:00,2025-03-15 08:13:00,FCO,LHR
369,AirbusA320-0010,2025-03-15 11:25:00,2025-03-15 13:28:00,AMS,LIS
370,EmbraerE195-0002,2025-03-15 22:16:00,2025-03-16 00:18:00,LTN,LGW
371,AirbusA320-0007,2025-03-16 23:01:00,2025-03-17 01:42:00,CDG,ORY
372,EmbraerE195-0002,2025-03-16 09:52:00,2025-03-16 12:43:00,LGW,LHR
373,AirbusA320-0001,2025-03-16 12:10:00,2025-03-16 14:29:00,LTN,CDG
374,Boeing737-0009,2025-03-16 18:43:00,2025-03-16 21:21:00,LTN,FRA
375,AirbusA320-0010,2025-03-16 09:21:00,2025-03-16 11:49:00,LTN,LIS
376,Boeing737-0000,2025-03-17 06:19:00,2025-03-17 09:13:00,FRA,AMS
377,Boeing737-0003,2025-03-17 20:37:00,2025-03-17 23:01:00,LIS,FCO
378,EmbraerE195-0008,2025-03-17 12:06:00,2025-03-17 14:12:00,LIS,MXP
379,Boeing737-0003,2025-03-17 13:33:00,2025-03-17 16:05:00,LHR,FRA
380,AirbusA320-0001,2025-03-17 09:48:00,2025-03-17 12:46:00,MXP,AMS
381,Boeing737-0009,2025-03-18 21:56:00,2025-03-19 00:43:00,LTN,FRA
382,Boeing737-0003,2025-03-18 20:10:00,2025-03-18 22:43:00,LGW,LIS
383,EmbraerE195-0008,2025-03-18 19:14:00,2025-03-18 21:54:00,LGW,ORY
384,Boeing737-0003,2025-03-18 07:50:00,2025-03-18 10:07:00,MXP,LHR
385,EmbraerE195-0002,2025-03-18 11:36:00,2025-03-18 14:13:00,FRA,LIS
386,Boeing737-0009,2025-03-19 06:56:00,2025-03-19 09:07:00,AMS,MXP
387,Boeing737-0000,2025-03-19 17:16:00,2025-03-19 19:42:00,LTN,AMS
388,EmbraerE195-0002,2025-03-19 16:51:00,2025-03-19 19:30:00,LGW,AMS
389,AirbusA320-0007,2025-03-19 13:39:00,2025-03-19 16:09:00,FRA,LTN
390,AirbusA320-0004,2025-03-19 04:56:00,2025-03-19 06:59:00,ORY,AMS
391,AirbusA320-0007,2025-03-20 12:24:00,2025-03-20 15:00:00,FRA,LTN
392,AirbusA320-0007,2025-03-20 22:37:00,2025-03-21 01:16:00,FCO,CDG
393,Boeing737-0006,2025-03-20 10:26:00,2025-03-20 13:01:00,MXP,FRA
394,EmbraerE195-0005,2025-03-20 11:08:00,2025-03-20 13:16:00,FCO,AMS
395,EmbraerE195-0008,2025-03-20 03:36:00,2025-03-20 05:57:00,AMS,FCO
396,AirbusA320-0001,2025-03-21 06:10:00,2025-03-21 08:54:00,CDG,AMS
397,EmbraerE195-0011,2025-03-21 19:26:00,2025-03-21 21:29:00,LHR,FRA
398,Boeing737-0009,2025-03-21 00:17:00,2025-03-21 02:45:00,FRA,MXP
399,Boeing737-0000,2025-03-21 19:50:00,2025-03-21 22:28:00,FRA,AMS
400,EmbraerE195-0002,2025-03-21 08:50:00,2025-03-21 11:02:00,FRA,MXP
401,AirbusA320-0001,2025-03-22 17:35:00,2025-03-22 20:01:00,MXP,LTN
402,EmbraerE195-0002,2025-03-22 15:33:00,2025-03-22 18:11:00,LIS,AMS
403,Boeing737-0003,2025-03-22 02:02:00,2025-03-22 04:33:00,LTN,LGW
404,AirbusA320-0007,2025-03-22 02:37:00,2025-03-22 05:34:00,ORY,CDG
405,EmbraerE195-0002,2025-03-22 07:09:00,2025-03-22 09:55:00,ORY,LIS
406,EmbraerE195-0002,2025-03-23 09:29:00,2025-03-23 11:46:00,LHR,FRA
407,AirbusA320-0004,2025-03-23 14:43:00,2025-03-23 17:25:00,LGW,FCO
408,AirbusA320-0004,2025-03-23 03:16:00,2025-03-23 05:17:00,AMS,LIS
409,AirbusA320-0004,2025-03-23 18:46:00,2025-03-23 20:56:00,LHR,ORY
410,EmbraerE195-0008,2025-03-23 16:27:00,2025-03-23 18:36:00,LIS,LHR
411,AirbusA320-0010,2025-03-24 08:51:00,2025-03-24 11:14:00,LGW,LHR
412,EmbraerE195-0002,2025-03-24 18:37:00,2025-03-24 21:25:00,ORY,FCO
413,AirbusA320-0004,2025-03-24 08:12:00,2025-03-24 11:04:00,AMS,LIS
414,EmbraerE195-0005,2025-03-24 11:00:00,2025-03-24 13:30:00,CDG,ORY
415,EmbraerE195-0005,2025-03-24 20:44:00,2025-03-24 22:47:00,LGW,FCO
416,AirbusA320-0010,2025-03-25 08:38:00,2025-03-25 11:31:00,LGW,ORY
417,AirbusA320-0001,2025-03-25 04:03:00,2025-03-25 06:07:00,LTN,AMS
418,Boeing737-0009,2025-03-25 08:31:00,2025-03-25 10:45:00,FRA,MXP
419,EmbraerE195-0011,2025-03-25 06:33:00,2025-03-25 08:39:00,LGW,FCO
420,AirbusA320-0004,2025-03-25 22:26:00,2025-03-26 01:20:00,MXP,ORY
421,EmbraerE195-0008,2025-03-26 12:55:00,2025-03-26 15:13:00,LIS,LGW
422,Boeing737-0000,2025-03-26 18:46:00,2025-03-26 20:49:00,LGW,CDG
423,EmbraerE195-0002,2025-03-26 15:11:00,2025-03-26 17:55:00,AMS,LIS
424,AirbusA320-0007,2025-03-26 18:17:00,2025-03-26 20:58:00,MXP,LTN
425,Boeing737-0003,2025-03-26 09:13:00,2025-03-26 11:42:00,LIS,MXP
426,EmbraerE195-0002,2025-03-27 01:36:00,2025-03-27 03:52:00,LIS,AMS
427,EmbraerE195-0002,2025-03-27 20:46:00,2025-03-27 23:33:00,CDG,LGW
428,Boeing737-0006,2025-03-27 07:55:00,2025-03-27 10:03:00,LGW,LHR
429,AirbusA320-0001,2025-03-27 06:37:00,2025-03-27 08:54:00,LHR,FRA
430,EmbraerE195-0011,2025-03-27 19:33:00,2025-03-27 21:58:00,LHR,ORY
431,EmbraerE195-0008,2025-03-28 20:36:00,2025-03-28 23:01:00,ORY,LTN
432,AirbusA320-0007,2025-03-28 21:03:00,2025-03-28 23:27:00,LGW,ORY
433,Boeing737-0009,2025-03-28 09:54:00,2025-03-28 12:44:00,AMS,ORY
434,EmbraerE195-0002,2025-03-28 02:27:00,2025-03-28 04:36:00,FRA,LGW
435,AirbusA320-0010,2025-03-28 01:59:00,2025-03-28 04:25:00,ORY,LTN
436,AirbusA320-0007,2025-03-29 13:39:00,2025-03-29 16:02:00,LGW,CDG
437,AirbusA320-0007,2025-03-29 20:37:00,2025-03-29 23:16:00,LGW,LTN
438,Boeing737-0003,2025-03-29 02:25:00,2025-03-29 04:32:00,LIS,AMS
439,EmbraerE195-0008,2025-03-29 18:37:00,2025-03-29 20:53:00,LTN,AMS
440,AirbusA320-0010,2025-03-29 08:06:00,2025-03-29 10:32:00,LHR,LIS
441,Boeing737-0009,2025-03-30 18:18:00,2025-03-30 20:45:00,CDG,FRA
442,Boeing737-0003,2025-03-30 11:50:00,2025-03-30 14:29:00,ORY,LIS
443,Boeing737-0009,2025-03-30 23:32:00,2025-03-31 02:13:00,ORY,MXP
444,Boeing737-0000,2025-03-30 06:13:00,2025-03-30 08:46:00,AMS,ORY
445,AirbusA320-0004,2025-03-30 22:25:00,2025-03-31 00:41:00,MXP,AMS
446,EmbraerE195-0008,2025-03-31 23:03:00,2025-04-01 01:50:00,MXP,CDG
447,AirbusA320-0010,2025-03-31 22:40:00,2025-04-01 00:42:00,LIS,LHR
448,Boeing737-0006,2025-03-31 10:20:00,2025-03-31 13:09:00,FRA,LIS
449,EmbraerE195-0002,2025-03-31 10:58:00,2025-03-31 13:53:00,FRA,LGW
450,EmbraerE195-0005,2025-03-31 18:33:00,2025-03-31 20:47:00,ORY,FRA
451,Boeing737-0006,2025-04-01 19:41:00,2025-04-01 21:42:00,LIS,AMS
452,EmbraerE195-0005,2025-04-01 00:08:00,2025-04-01 02:42:00,MXP,LHR
453,Boeing737-0003,2025-04-01 14:47:00,2025-04-01 16:50:00,AMS,LHR
454,EmbraerE195-0011,2025-04-01 21:20:00,2025-04-02 00:16:00,LTN,LIS
455,Boeing737-0000,2025-04-01 12:55:00,2025-04-01 15:36:00,FCO,LHR
456,AirbusA320-0004,2025-04-02 22:42:00,2025-04-03 00:54:00,FRA,LTN
457,EmbraerE195-0005,2025-04-02 06:48:00,2025-04-02 09:16:00,FCO,AMS
458,Boeing737-0000,2025-04-02 00:35:00,2025-04-02 03:29:00,CDG,FRA
459,EmbraerE195-0008,2025-04-02 08:24:00,2025-04-02 10:43:00,FRA,LHR
460,AirbusA320-0001,2025-04-02 10:12:00,2025-04-02 12:26:00,LTN,CDG
461,EmbraerE195-0002,2025-04-03 14:17:00,2025-04-03 16:25:00,AMS,CDG
462,EmbraerE195-0011,2025-04-03 13:22:00,2025-04-03 15:57:00,AMS,LIS
463,AirbusA320-0010,2025-04-03 13:27:00,2025-04-03 15:29:00,LGW,LIS
464,EmbraerE195-0002,2025-04-03 09:38:00,2025-04-03 11:48:00,CDG,LHR
465,AirbusA320-0010,2025-04-03 19:10:00,2025-04-03 21:22:00,FCO,LIS
466,EmbraerE195-0002,2025-04-04 11:12:00,2025-04-04 13:14:00,LHR,LIS
467,EmbraerE195-0008,2025-04-04 12:46:00,2025-04-04 15:33:00,CDG,LTN
468,EmbraerE195-0002,2025-04-04 04:51:00,2025-04-04 07:28:00,CDG,MXP
469,AirbusA320-0010,2025-04-04 19:24:00,2025-04-04 22:21:00,LTN,LGW
470,EmbraerE195-0005,2025-04-04 22:30:00,2025-04-05 00:50:00,LHR,LTN
471,AirbusA320-0010,2025-04-05 23:33:00,2025-04-06 02:14:00,CDG,AMS
472,EmbraerE195-0005,2025-04-05 17:04:00,2025-04-05 19:40:00,AMS,LHR
473,EmbraerE195-0005,2025-04-05 03:50:00,2025-04-05 06:16:00,AMS,LTN
474,AirbusA320-0010,2025-04-05 18:34:00,2025-04-05 20:43:00,ORY,FCO
475,AirbusA320-0010,2025-04-05 05:52:00,2025-04-05 08:26:00,AMS,ORY
476,AirbusA320-0007,2025-04-06 14:29:00,2025-04-06 16:48:00,LTN,LHR
477,Boeing737-0006,2025-04-06 05:59:00,2025-04-06 08:50:00,LTN,LHR
478,AirbusA320-0004,2025-04-06 16:31:00,2025-04-06 19:01:00,CDG,LTN
479,AirbusA320-0004,2025-04-06 01:22:00,2025-04-06 03:38:00,LHR,AMS
480,EmbraerE195-0011,2025-04-06 21:19:00,2025-04-06 23:37:00,ORY,MXP
481,AirbusA320-0004,2025-04-07 20:16:00,2025-04-07 23:01:00,AMS,ORY
482,AirbusA320-0007,2025-04-07 13:54:00,2025-04-07 16:04:00,FCO,LGW
483,AirbusA320-0004,2025-04-07 09:05:00,2025-04-07 11:08:00,LGW,ORY
484,AirbusA320-0004,2025-04-07 20:54:00,2025-04-07 23:31:00,CDG,LGW
485,AirbusA320-0010,2025-04-07 21:33:00,2025-04-07 23:34:00,AMS,MXP
486,AirbusA320-0001,2025-04-08 05:02:00,2025-04-08 07:32:00,LTN,FRA
487,Boeing737-0003,2025-04-08 23:58:00,2025-04-09 02:00:00,FCO,FRA
488,Boeing737-0000,2025-04-08 19:59:00,2025-04-08 22:46:00,LTN,AMS
489,EmbraerE195-0011,2025-04-08 12:21:00,2025-04-08 14:23:00,ORY,LIS
490,AirbusA320-0001,2025-04-08 14:26:00,2025-04-08 16:50:00,FRA,CDG
491,AirbusA320-0007,2025-04-09 17:04:00,2025-04-09 19:30:00,LIS,AMS
492,Boeing737-0000,2025-04-09 06:54:00,2025-04-09 09:48:00,FCO,FRA
493,Boeing737-0009,2025-04-09 20:22:00,2025-04-09 23:07:00,MXP,LHR
494,EmbraerE195-0002,2025-04-09 02:32:00,2025-04-09 04:50:00,LGW,LIS
495,AirbusA320-0001,2025-04-09 20:50:00,2025-04-09 23:18:00,MXP,ORY
496,AirbusA320-0010,2025-04-10 06:19:00,2025-04-10 08:28:00,LIS,CDG
497,EmbraerE195-0008,2025-04-10 21:47:00,2025-04-10 23:55:00,AMS,LHR
498,AirbusA320-0004,2025-04-10 12:13:00,2025-04-10 14:24:00,CDG,FRA
499,AirbusA320-0010,2025-04-10 02:50:00,2025-04-10 05:29:00,LIS,LTN
500,Boeing737-0009,2025-04-10 14:49:00,2025-04-10 17:45:00,ORY,FRA
501,AirbusA320-0010,2025-04-11 17:42:00,2025-04-11 20:33:00,LTN,AMS
502,EmbraerE195-0005,2025-04-11 07:23:00,2025-04-11 10:20:00,LGW,ORY
503,Boeing737-0003,2025-04-11 11:49:00,2025-04-11 14:04:00,MXP,LHR
504,Boeing737-0009,2025-04-11 15:17:00,2025-04-11 17:44:00,ORY,FRA
505,AirbusA320-0001,2025-04-11 21:30:00,2025-04-11 23:38:00,MXP,AMS
506,AirbusA320-0010,2025-04-12 23:29:00,2025-04-13 01:43:00,LHR,ORY
507,Boeing737-0000,2025-04-12 12:00:00,2025-04-12 14:19:00,FRA,LIS
508,AirbusA320-0007,2025-04-12 03:18:00,2025-04-12 05:30:00,AMS,FRA
509,Boeing737-0003,2025-04-12 17:35:00,2025-04-12 20:31:00,LTN,FRA
510,AirbusA320-0007,2025-04-12 08:40:00,2025-04-12 11:22:00,MXP,AMS
511,EmbraerE195-0005,2025-04-13 11:01:00,2025-04-13 13:30:00,ORY,LGW
512,AirbusA320-0007,2025-04-13 05:37:00,2025-04-13 08:10:00,FCO,CDG
513,Boeing737-0006,2025-04-13 18:54:00,2025-04-13 21:16:00,ORY,LGW
514,Boeing737-0006,2025-04-13 16:54:00,2025-04-13 19:02:00,MXP,CDG
515,EmbraerE195-0008,2025-04-13 03:23:00,2025-04-13 05:51:00,ORY,AMS
516,AirbusA320-0007,2025-04-14 07:10:00,2025-04-14 09:38:00,LGW,CDG
517,AirbusA320-0004,2025-04-14 09:22:00,2025-04-14 11:25:00,MXP,AMS
518,AirbusA320-0007,2025-04-14 14:08:00,2025-04-14 16:27:00,FCO,LIS
519,AirbusA320-0010,2025-04-14 04:36:00,2025-04-14 06:40:00,LHR,FRA
520,Boeing737-0006,2025-04-14 21:06:00,2025-04-15 00:01:00,LHR,CDG
521,AirbusA320-0004,2025-04-15 15:26:00,2025-04-15 17:33:00,MXP,ORY
522,AirbusA320-0004,2025-04-15 16:13:00,2025-04-15 18:52:00,FRA,MXP
523,EmbraerE195-0008,2025-04-15 21:22:00,2025-04-15 23:31:00,LIS,FCO
524,EmbraerE195-0002,2025-04-15 07:12:00,2025-04-15 09:22:00,MXP,AMS
525,AirbusA320-0004,2025-04-15 23:48:00,2025-04-16 02:40:00,LHR,FCO
526,AirbusA320-0004,2025-04-16 05:37:00,2025-04-16 08:18:00,LTN,ORY
527,AirbusA320-0010,2025-04-16 02:26:00,2025-04-16 05:07:00,LGW,ORY
528,EmbraerE195-0011,2025-04-16 10:28:00,2025-04-16 12:48:00,CDG,MXP
529,AirbusA320-0007,2025-04-16 13:15:00,2025-04-16 15:31:00,LTN,FRA
530,EmbraerE195-0008,2025-04-16 11:40:00,2025-04-16 14:02:00,FCO,ORY
531,EmbraerE195-0002,2025-04-17 02:16:00,2025-04-17 04:59:00,ORY,FRA
532,EmbraerE195-0011,2025-04-17 20:39:00,2025-04-17 22:47:00,AMS,FRA
533,Boeing737-0003,2025-04-17 21:19:00,2025-04-18 00:05:00,AMS,LTN
534,Boeing737-0009,2025-04-17 07:12:00,2025-04-17 09:55:00,CDG,LIS
535,EmbraerE195-0008,2025-04-17 08:24:00,2025-04-17 10:31:00,AMS,FCO
536,EmbraerE195-0005,2025-04-18 05:34:00,2025-04-18 08:18:00,ORY,FRA
537,EmbraerE195-0005,2025-04-18 04:11:00,2025-04-18 06:48:00,LTN,AMS
538,AirbusA320-0010,2025-04-18 13:44:00,2025-04-18 16:19:00,CDG,FCO
539,AirbusA320-0001,2025-04-18 15:27:00,2025-04-18 17:30:00,LHR,FRA
540,Boeing737-0009,2025-04-18 21:57:00,2025-04-18 23:57:00,FRA,LTN
541,AirbusA320-0004,2025-04-19 10:04:00,2025-04-19 12:47:00,LIS,LTN
542,EmbraerE195-0005,2025-04-19 20:40:00,2025-04-19 23:20:00,CDG,MXP
543,AirbusA320-0010,2025-04-19 09:54:00,2025-04-19 12:21:00,MXP,FRA
544,EmbraerE195-0005,2025-04-19 22:59:00,2025-04-20 01:41:00,FRA,LIS
545,Boeing737-0006,2025-04-19 04:40:00,2025-04-19 07:09:00,ORY,LHR
546,Boeing737-0009,2025-04-20 05:29:00,2025-04-20 08:24:00,MXP,AMS
547,Boeing737-0006,2025-04-20 21:19:00,2025-04-21 00:06:00,LTN,FRA
548,AirbusA320-0001,2025-04-20 20:40:00,2025-04-20 23:26:00,LTN,CDG
549,AirbusA320-0004,2025-04-20 21:52:00,2025-04-21 00:13:00,LTN,MXP
550,Boeing737-0009,2025-04-20 12:09:00,2025-04-20 14:31:00,LHR,FCO
551,EmbraerE195-0008,2025-04-21 09:57:00,2025-04-21 12:47:00,MXP,LHR
552,Boeing737-0009,2025-04-21 13:58:00,2025-04-21 16:41:00,LGW,LIS
553,AirbusA320-0001,2025-04-21 08:19:00,2025-04-21 10:29:00,LIS,FRA
554,EmbraerE195-0002,2025-04-21 09:05:00,2025-04-21 11:57:00,LHR,LTN
555,EmbraerE195-0002,2025-04-21 17:15:00,2025-04-21 20:06:00,MXP,CDG
556,AirbusA320-0004,2025-04-22 03:11:00,2025-04-22 05:27:00,ORY,CDG
557,Boeing737-0000,2025-04-22 05:34:00,2025-04-22 07:48:00,AMS,LGW
558,Boeing737-0003,2025-04-22 01:48:00,2025-04-22 03:58:00,ORY,AMS
559,EmbraerE195-0005,2025-04-22 03:32:00,2025-04-22 05:35:00,LGW,FCO
560,AirbusA320-0001,2025-04-22 22:55:00,2025-04-23 01:15:00,CDG,FRA
561,EmbraerE195-0002,2025-04-23 05:03:00,2025-04-23 07:42:00,LHR,LGW
562,AirbusA320-0007,2025-04-23 13:46:00,2025-04-23 15:49:00,LTN,LIS
563,Boeing737-0000,2025-04-23 01:55:00,2025-04-23 04:29:00,LIS,LGW
564,EmbraerE195-0002,2025-04-23 10:49:00,2025-04-23 12:51:00,FRA,LGW
565,AirbusA320-0001,2025-04-23 00:26:00,2025-04-23 03:18:00,LIS,FCO
566,AirbusA320-0004,2025-04-24 00:47:00,2025-04-24 03:33:00,AMS,LGW
567,Boeing737-0006,2025-04-24 05:47:00,2025-04-24 08:15:00,FRA,LTN
568,Boeing737-0006,2025-04-24 20:18:00,2025-04-24 22:38:00,LTN,FRA
569,EmbraerE195-0005,2025-04-24 17:16:00,2025-04-24 19:32:00,LGW,AMS
570,Boeing737-0003,2025-04-24 23:56:00,2025-04-25 02:41:00,LIS,FRA
571,EmbraerE195-0002,2025-04-25 05:28:00,2025-04-25 07:36:00,LGW,FRA
572,EmbraerE195-0008,2025-04-25 12:35:00,2025-04-25 15:14:00,ORY,CDG
573,Boeing737-0003,2025-04-25 07:12:00,2025-04-25 09:21:00,LGW,ORY
574,EmbraerE195-0011,2025-04-25 18:01:00,2025-04-25 20:19:00,LGW,LHR
575,AirbusA320-0001,2025-04-25 21:02:00,2025-04-25 23:29:00,FRA,LTN
576,Boeing737-0006,2025-04-26 16:09:00,2025-04-26 18:37:00,AMS,ORY
577,AirbusA320-0004,2025-04-26 01:23:00,2025-04-26 03:40:00,MXP,FCO
578,AirbusA320-0004,2025-04-26 08:09:00,2025-04-26 10:31:00,ORY,LGW
579,AirbusA320-0007,2025-04-26 18:47:00,2025-04-26 21:03:00,ORY,AMS
580,EmbraerE195-0005,2025-04-26 01:26:00,2025-04-26 04:03:00,LHR,LGW
581,Boeing737-0003,2025-04-27 22:53:00,2025-04-28 01:04:00,LGW,ORY
582,EmbraerE195-0008,2025-04-27 12:40:00,2025-04-27 15:35:00,LTN,CDG
583,AirbusA320-0010,2025-04-27 12:34:00,2025-04-27 14:48:00,FCO,LGW
584,EmbraerE195-0005,2025-04-27 21:00:00,2025-04-27 23:13:00,FCO,AMS
585,Boeing737-0003,2025-04-27 10:58:00,2025-04-27 13:01:00,LHR,FRA
586,AirbusA320-0007,2025-04-28 21:48:00,2025-04-29 00:46:00,AMS,ORY
587,AirbusA320-0010,2025-04-28 14:39:00,2025-04-28 16:59:00,LIS,LTN
588,Boeing737-0009,2025-04-28 00:40:00,2025-04-28 02:50:00,FCO,LTN
589,AirbusA320-0010,2025-04-28 02:21:00,2025-04-28 05:02:00,FCO,LHR
590,EmbraerE195-0005,2025-04-28 15:13:00,2025-04-28 17:45:00,FRA,LTN
591,Boeing737-0000,2025-04-29 17:17:00,2025-04-29 19:42:00,ORY,LHR
592,EmbraerE195-0002,2025-04-29 09:35:00,2025-04-29 12:30:00,CDG,LTN
593,AirbusA320-0001,2025-04-29 23:34:00,2025-04-30 01:44:00,ORY,LTN
594,AirbusA320-0001,2025-04-29 17:14:00,2025-04-29 20:10:00,CDG,MXP
595,Boeing737-0003,2025-04-29 08:59:00,2025-04-29 11:41:00,LHR,CDG
596,AirbusA320-0010,2025-04-30 19:49:00,2025-04-30 22:22:00,MXP,LTN
597,Boeing737-0009,2025-04-30 04:30:00,2025-04-30 06:32:00,MXP,LIS
598,AirbusA320-0004,2025-04-30 22:39:00,2025-05-01 01:23:00,ORY,FRA
599,Boeing737-0009,2025-04-30 09:04:00,2025-04-30 11:20:00,FRA,LGW
600,Boeing737-0006,2025-04-30 12:30:00,2025-04-30 15:08:00,LIS,ORY
601,Boeing737-0003,2025-05-01 02:02:00,2025-05-01 04:36:00,AMS,ORY
602,Boeing737-0000,2025-05-01 14:00:00,2025-05-01 16:08:00,LHR,LIS
603,Boeing737-0006,2025-05-01 05:50:00,2025-05-01 08:46:00,FRA,MXP
604,Boeing737-0003,2025-05-01 17:29:00,2025-05-01 20:03:00,LGW,LHR
605,EmbraerE195-0002,2025-05-01 16:23:00,2025-05-01 19:02:00,ORY,FRA
606,AirbusA320-0004,2025-05-02 05:00:00,2025-05-02 07:04:00,MXP,LIS
607,Boeing737-0006,2025-05-02 20:19:00,2025-05-02 22:22:00,FCO,LGW
608,Boeing737-0000,2025-05-02 06:07:00,2025-05-02 08:21:00,MXP,FRA
609,EmbraerE195-0002,2025-05-02 23:30:00,2025-05-03 01:56:00,FCO,LTN
610,Boeing737-0009,2025-05-02 10:22:00,2025-05-02 12:28:00,LIS,AMS
611,Boeing737-0006,2025-05-03 12:04:00,2025-05-03 14:32:00,AMS,LGW
612,EmbraerE195-0002,2025-05-03 21:50:00,2025-05-04 00:10:00,AMS,LTN
613,EmbraerE195-0005,2025-05-03 01:05:00,2025-05-03 03:52:00,AMS,LTN
614,EmbraerE195-0008,2025-05-03 08:32:00,2025-05-03 10:37:00,LHR,FRA
615,EmbraerE195-0002,2025-05-03 01:49:00,2025-05-03 04:26:00,LTN,LGW
616,EmbraerE195-0002,2025-05-04 21:00:00,2025-05-04 23:37:00,LIS,AMS
617,Boeing737-0003,2025-05-04 00:23:00,2025-05-04 02:40:00,FRA,LIS
618,Boeing737-0009,2025-05-04 12:27:00,2025-05-04 15:26:00,LTN,AMS
619,Boeing737-0009,2025-05-04 17:35:00,2025-05-04 20:18:00,MXP,LGW
620,Boeing737-0000,2025-05-04 12:32:00,2025-05-04 14:48:00,ORY,LGW
621,EmbraerE195-0002,2025-05-05 22:10:00,2025-05-06 00:10:00,LHR,LGW
622,Boeing737-0009,2025-05-05 09:11:00,2025-05-05 11:14:00,LIS,CDG
623,EmbraerE195-0005,2025-05-05 15:03:00,2025-05-05 17:46:00,FRA,LIS
624,EmbraerE195-0002,2025-05-05 02:44:00,2025-05-05 04:46:00,FRA,ORY
625,Boeing737-0000,2025-05-05 02:26:00,2025-05-05 05:20:00,ORY,LHR
626,Boeing737-0006,2025-05-06 17:30:00,2025-05-06 20:01:00,LIS,FCO
627,Boeing737-0006,2025-05-06 05:58:00,2025-05-06 08:06:00,LIS,LTN
628,EmbraerE195-0002,2025-05-06 14:28:00,2025-05-06 16:53:00,LTN,MXP
629,EmbraerE195-0005,2025-05-06 02:05:00,2025-05-06 04:28:00,LTN,LGW
630,Boeing737-0006,2025-05-06 12:14:00,2025-05-06 14:48:00,FCO,CDG
631,EmbraerE195-0005,2025-05-07 17:49:00,2025-05-07 20:11:00,ORY,FRA
632,EmbraerE195-0005,2025-05-07 17:25:00,2025-05-07 19:46:00,FCO,MXP
633,Boeing737-0000,2025-05-07 04:31:00,2025-05-07 06:51:00,FRA,FCO
634,Boeing737-0003,2025-05-07 09:58:00,2025-05-07 12:38:00,FCO,LIS
635,EmbraerE195-0008,2025-05-07 04:00:00,2025-05-07 06:36:00,LTN,LGW
636,Boeing737-0009,2025-05-08 22:33:00,2025-05-09 01:12:00,LIS,ORY
637,Boeing737-0009,2025-05-08 04:45:00,2025-05-08 06:47:00,FRA,LTN
638,Boeing737-0000,2025-05-08 10:22:00,2025-05-08 13:00:00,LTN,LHR
639,EmbraerE195-0002,2025-05-08 09:18:00,2025-05-08 11:53:00,MXP,FRA
640,EmbraerE195-0011,2025-05-08 18:42:00,2025-05-08 20:59:00,LTN,AMS
641,Boeing737-0006,2025-05-09 07:14:00,2025-05-09 09:51:00,LGW,LIS
642,EmbraerE195-0005,2025-05-09 08:36:00,2025-05-09 11:16:00,CDG,LTN
643,EmbraerE195-0008,2025-05-09 00:10:00,2025-05-09 02:37:00,FCO,LIS
644,EmbraerE195-0005,2025-05-09 12:45:00,2025-05-09 15:09:00,LTN,LGW
645,EmbraerE195-0011,2025-05-09 14:20:00,2025-05-09 17:14:00,LHR,CDG
646,Boeing737-0000,2025-05-10 18:58:00,2025-05-10 20:59:00,MXP,LHR
647,EmbraerE195-0011,2025-05-10 01:08:00,2025-05-10 03:11:00,AMS,LHR
648,EmbraerE195-0008,2025-05-10 11:54:00,2025-05-10 14:27:00,ORY,FRA
649,EmbraerE195-0002,2025-05-10 09:06:00,2025-05-10 11:18:00,AMS,LIS
650,EmbraerE195-0005,2025-05-10 07:34:00,2025-05-10 09:57:00,FCO,LTN
651,EmbraerE195-0005,2025-05-11 08:11:00,2025-05-11 10:33:00,ORY,FRA
652,AirbusA320-0007,2025-05-11 20:38:00,2025-05-11 23:20:00,ORY,LGW
653,Boeing737-0003,2025-05-11 14:16:00,2025-05-11 16:57:00,FRA,AMS
654,Boeing737-0006,2025-05-11 17:13:00,2025-05-11 20:06:00,FRA,LHR
655,AirbusA320-0001,2025-05-11 19:58:00,2025-05-11 22:48:00,MXP,LIS
656,AirbusA320-0010,2025-05-12 19:07:00,2025-05-12 21:12:00,LTN,LGW
657,Boeing737-0009,2025-05-12 14:17:00,2025-05-12 17:12:00,LHR,LIS
658,AirbusA320-0007,2025-05-12 15:31:00,2025-05-12 17:43:00,MXP,LIS
659,AirbusA320-0007,2025-05-12 03:19:00,2025-05-12 05:40:00,FCO,LTN
660,AirbusA320-0001,2025-05-12 04:17:00,2025-05-12 06:29:00,CDG,LIS
661,Boeing737-0006,2025-05-13 23:24:00,2025-05-14 01:34:00,LHR,CDG
662,AirbusA320-0004,2025-05-13 18:19:00,2025-05-13 21:14:00,LTN,LGW
663,AirbusA320-0010,2025-05-13 04:56:00,2025-05-13 07:04:00,FRA,LGW
664,AirbusA320-0007,2025-05-13 08:33:00,2025-05-13 10:41:00,MXP,AMS
665,AirbusA320-0007,2025-05-13 12:51:00,2025-05-13 15:04:00,ORY,LGW
666,EmbraerE195-0002,2025-05-14 12:09:00,2025-05-14 14:14:00,LGW,ORY
667,Boeing737-0009,2025-05-14 22:08:00,2025-05-15 00:57:00,FCO,LTN
668,Boeing737-0009,2025-05-14 15:16:00,2025-05-14 17:29:00,FRA,MXP
669,AirbusA320-0010,2025-05-14 07:19:00,2025-05-14 09:54:00,LGW,FCO
670,AirbusA320-0010,2025-05-14 14:17:00,2025-05-14 17:11:00,AMS,FRA
671,EmbraerE195-0008,2025-05-15 10:30:00,2025-05-15 12:34:00,LIS,FRA
672,EmbraerE195-0002,2025-05-15 03:12:00,2025-05-15 05:49:00,FCO,LHR
673,AirbusA320-0010,2025-05-15 23:40:00,2025-05-16 01:57:00,FCO,LHR
674,Boeing737-0006,2025-05-15 12:02:00,2025-05-15 14:46:00,CDG,LHR
675,AirbusA320-0001,2025-05-15 12:12:00,2025-05-15 14:13:00,CDG,FRA
676,AirbusA320-0010,2025-05-16 00:47:00,2025-05-16 03:18:00,ORY,FRA
677,AirbusA320-0001,2025-05-16 06:09:00,2025-05-16 09:05:00,LTN,FCO
678,EmbraerE195-0002,2025-05-16 07:10:00,2025-05-16 09:31:00,CDG,LIS
679,Boeing737-0003,2025-05-16 00:30:00,2025-05-16 02:59:00,AMS,LHR
680,EmbraerE195-0011,2025-05-16 18:28:00,2025-05-16 20:59:00,LTN,LHR
681,Boeing737-0003,2025-05-17 00:39:00,2025-05-17 03:37:00,FCO,ORY
682,EmbraerE195-0005,2025-05-17 01:01:00,2025-05-17 03:11:00,LTN,AMS
683,Boeing737-0003,2025-05-17 15:11:00,2025-05-17 18:09:00,FRA,AMS
684,EmbraerE195-0005,2025-05-17 18:04:00,2025-05-17 20:56:00,MXP,LGW
685,EmbraerE195-0005,2025-05-17 00:28:00,2025-05-17 03:03:00,LIS,ORY
686,Boeing737-0003,2025-05-18 01:13:00,2025-05-18 03:21:00,CDG,FCO
687,AirbusA320-0007,2025-05-18 12:53:00,2025-05-18 15:50:00,ORY,LHR
688,AirbusA320-0001,2025-05-18 04:30:00,2025-05-18 06:41:00,LHR,ORY
689,EmbraerE195-0002,2025-05-18 17:57:00,2025-05-18 20:31:00,LTN,MXP
690,Boeing737-0000,2025-05-18 02:13:00,2025-05-18 04:36:00,LTN,FCO
691,EmbraerE195-0002,2025-05-19 10:13:00,2025-05-19 12:39:00,FRA,CDG
692,Boeing737-0000,2025-05-19 00:41:00,2025-05-19 03:16:00,LGW,CDG
693,AirbusA320-0004,2025-05-19 14:30:00,2025-05-19 17:07:00,CDG,ORY
694,AirbusA320-0007,2025-05-19 13:37:00,2025-05-19 16:17:00,LGW,CDG
695,EmbraerE195-0011,2025-05-19 10:06:00,2025-05-19 13:04:00,ORY,LTN
696,EmbraerE195-0011,2025-05-20 08:16:00,2025-05-20 10:44:00,LTN,LIS
697,Boeing737-0000,2025-05-20 04:58:00,2025-05-20 07:25:00,AMS,MXP
698,Boeing737-0006,2025-05-20 06:54:00,2025-05-20 09:45:00,FCO,AMS
699,EmbraerE195-0011,2025-05-20 04:00:00,2025-05-20 06:33:00,CDG,LHR
700,Boeing737-0000,2025-05-20 19:46:00,2025-05-20 21:54:00,CDG,LGW
701,AirbusA320-0007,2025-05-21 16:27:00,2025-05-21 19:16:00,ORY,FCO
702,EmbraerE195-0005,2025-05-21 06:48:00,2025-05-21 09:42:00,LGW,LTN
703,AirbusA320-0010,2025-05-21 16:14:00,2025-05-21 18:33:00,LIS,MXP
704,AirbusA320-0010,2025-05-21 09:59:00,2025-05-21 12:42:00,AMS,LHR
705,Boeing737-0006,2025-05-21 14:35:00,2025-05-21 16:59:00,LGW,LTN
706,Boeing737-0006,2025-05-22 01:10:00,2025-05-22 03:38:00,LTN,CDG
707,AirbusA320-0007,2025-05-22 21:46:00,2025-05-23 00:12:00,AMS,FRA
708,Boeing737-0006,2025-05-22 05:39:00,2025-05-22 08:33:00,MXP,ORY
709,AirbusA320-0004,2025-05-22 19:43:00,2025-05-22 22:31:00,LIS,CDG
710,Boeing737-0009,2025-05-22 02:57:00,2025-05-22 05:42:00,FRA,ORY
711,AirbusA320-0010,2025-05-23 01:08:00,2025-05-23 03:21:00,MXP,AMS
712,AirbusA320-0004,2025-05-23 17:14:00,2025-05-23 19:31:00,LHR,LIS
713,AirbusA320-0004,2025-05-23 14:18:00,2025-05-23 17:16:00,LHR,LGW
714,Boeing737-0000,2025-05-23 17:26:00,2025-05-23 19:53:00,LIS,LHR
715,EmbraerE195-0008,2025-05-23 16:54:00,2025-05-23 19:31:00,LIS,ORY
716,EmbraerE195-0005,2025-05-24 12:29:00,2025-05-24 14:57:00,CDG,LTN
717,Boeing737-0003,2025-05-24 06:09:00,2025-05-24 08:45:00,LHR,AMS
718,EmbraerE195-0005,2025-05-24 14:21:00,2025-05-24 16:22:00,FRA,LGW
719,AirbusA320-0001,2025-05-24 16:46:00,2025-05-24 19:10:00,ORY,LHR
720,AirbusA320-0010,2025-05-24 14:19:00,2025-05-24 17:17:00,AMS,LGW
721,EmbraerE195-0011,2025-05-25 07:41:00,2025-05-25 09:44:00,LIS,LTN
722,AirbusA320-0001,2025-05-25 15:52:00,2025-05-25 18:45:00,LTN,FCO
723,EmbraerE195-0005,2025-05-25 11:07:00,2025-05-25 14:00:00,FCO,FRA
724,Boeing737-0009,2025-05-25 20:42:00,2025-05-25 23:00:00,MXP,CDG
725,EmbraerE195-0008,2025-05-25 06:12:00,2025-05-25 08:43:00,FRA,LGW
726,Boeing737-0003,2025-05-26 04:58:00,2025-05-26 07:35:00,CDG,ORY
727,EmbraerE195-0005,2025-05-26 21:08:00,2025-05-26 23:38:00,CDG,FRA
728,EmbraerE195-0011,2025-05-26 22:55:00,2025-05-27 01:49:00,AMS,FCO
729,AirbusA320-0007,2025-05-26 14:18:00,2025-05-26 17:15:00,ORY,MXP
730,AirbusA320-0007,2025-05-26 00:32:00,2025-05-26 02:58:00,ORY,FRA
731,EmbraerE195-0011,2025-05-27 19:44:00,2025-05-27 22:11:00,CDG,AMS
732,EmbraerE195-0005,2025-05-27 16:53:00,2025-05-27 19:03:00,LIS,FCO
733,Boeing737-0003,2025-05-27 09:04:00,2025-05-27 11:15:00,CDG,FRA
734,AirbusA320-0007,2025-05-27 19:48:00,2025-05-27 21:58:00,MXP,LHR
735,EmbraerE195-0002,2025-05-27 12:56:00,2025-05-27 15:08:00,CDG,LHR
736,Boeing737-0006,2025-05-28 06:51:00,2025-05-28 08:57:00,LIS,LGW
737,EmbraerE195-0005,2025-05-28 11:08:00,2025-05-28 13:26:00,FCO,ORY
738,AirbusA320-0010,2025-05-28 07:50:00,2025-05-28 10:31:00,CDG,FRA
739,Boeing737-0009,2025-05-28 14:28:00,2025-05-28 17:27:00,LGW,LTN
740,EmbraerE195-0005,2025-05-28 14:03:00,2025-05-28 16:23:00,LHR,LIS
741,EmbraerE195-0008,2025-05-29 19:53:00,2025-05-29 21:54:00,CDG,LIS
742,AirbusA320-0001,2025-05-29 05:37:00,2025-05-29 08:06:00,LIS,CDG
743,AirbusA320-0004,2025-05-29 04:26:00,2025-05-29 06:41:00,LIS,FCO
744,AirbusA320-0001,2025-05-29 07:56:00,2025-05-29 10:04:00,CDG,LGW
745,Boeing737-0006,2025-05-29 00:05:00,2025-05-29 02:35:00,FCO,LGW
746,AirbusA320-0010,2025-05-30 17:18:00,2025-05-30 20:17:00,CDG,MXP
747,AirbusA320-0010,2025-05-30 10:52:00,2025-05-30 13:21:00,FCO,AMS
748,AirbusA320-0007,2025-05-30 02:15:00,2025-05-30 04:30:00,FRA,MXP
749,AirbusA320-0001,2025-05-30 17:43:00,2025-05-30 19:46:00,FCO,LTN
750,EmbraerE195-0002,2025-05-30 10:17:00,2025-05-30 13:11:00,AMS,LGW
751,EmbraerE195-0008,2025-05-31 00:09:00,2025-05-31 02:11:00,LHR,LIS
752,EmbraerE195-0008,2025-05-31 11:52:00,2025-05-31 14:17:00,LIS,FCO
753,EmbraerE195-0008,2025-05-31 01:44:00,2025-05-31 04:37:00,FRA,LHR
754,AirbusA320-0007,2025-05-31 23:20:00,2025-06-01 01:46:00,LIS,FRA
755,AirbusA320-0007,2025-05-31 17:20:00,2025-05-31 19:25:00,LIS,AMS
756,AirbusA320-0001,2025-06-01 10:53:00,2025-06-01 13:11:00,AMS,LTN
757,AirbusA320-0001,2025-06-01 13:01:00,2025-06-01 15:14:00,MXP,CDG
758,EmbraerE195-0008,2025-06-01 23:50:00,2025-06-02 02:09:00,AMS,LTN
759,EmbraerE195-0005,2025-06-01 18:10:00,2025-06-01 20:48:00,CDG,FRA
760,EmbraerE195-0005,2025-06-01 21:19:00,2025-06-02 00:17:00,LIS,FCO
761,EmbraerE195-0008,2025-06-02 04:09:00,2025-06-02 06:12:00,LIS,LGW
762,EmbraerE195-0005,2025-06-02 12:28:00,2025-06-02 14:28:00,CDG,LGW
763,Boeing737-0009,2025-06-02 20:17:00,2025-06-02 22:53:00,ORY,LHR
764,AirbusA320-0010,2025-06-02 11:16:00,2025-06-02 13:20:00,MXP,FCO
765,AirbusA320-0007,2025-06-02 09:00:00,2025-06-02 11:17:00,FCO,ORY
766,AirbusA320-0010,2025-06-03 06:57:00,2025-06-03 09:23:00,LTN,ORY
767,Boeing737-0006,2025-06-03 22:05:00,2025-06-04 00:38:00,AMS,CDG
768,AirbusA320-0001,2025-06-03 19:20:00,2025-06-03 22:03:00,AMS,LTN
769,Boeing737-0006,2025-06-03 11:14:00,2025-06-03 13:17:00,CDG,LTN
770,AirbusA320-0001,2025-06-03 04:57:00,2025-06-03 07:41:00,CDG,LTN
771,Boeing737-0009,2025-06-04 20:37:00,2025-06-04 23:04:00,FRA,LIS
772,AirbusA320-0001,2025-06-04 04:00:00,2025-06-04 06:10:00,MXP,LGW
773,Boeing737-0006,2025-06-04 15:13:00,2025-06-04 17:24:00,LIS,FCO
774,AirbusA320-0010,2025-06-04 18:44:00,2025-06-04 21:41:00,ORY,MXP
775,EmbraerE195-0005,2025-06-04 11:32:00,2025-06-04 14:28:00,LGW,AMS
776,EmbraerE195-0011,2025-06-05 00:25:00,2025-06-05 02:26:00,LHR,AMS
777,AirbusA320-0007,2025-06-05 15:45:00,2025-06-05 18:36:00,LGW,ORY
778,EmbraerE195-0011,2025-06-05 22:36:00,2025-06-06 00:38:00,AMS,FRA
779,AirbusA320-0010,2025-06-05 04:23:00,2025-06-05 07:02:00,FCO,LIS
780,AirbusA320-0001,2025-06-05 21:35:00,2025-06-06 00:27:00,CDG,FCO
781,AirbusA320-0004,2025-06-06 13:34:00,2025-06-06 16:11:00,LGW,LTN
782,AirbusA320-0010,2025-06-06 15:49:00,2025-06-06 18:43:00,AMS,FRA
783,Boeing737-0006,2025-06-06 01:53:00,2025-06-06 04:50:00,LHR,LGW
784,AirbusA320-0010,2025-06-06 05:40:00,2025-06-06 08:17:00,LIS,MXP
785,EmbraerE195-0005,2025-06-06 09:40:00,2025-06-06 12:26:00,CDG,LGW
786,AirbusA320-0010,2025-06-07 18:49:00,2025-06-07 21:04:00,LHR,LGW
787,EmbraerE195-0011,2025-06-07 09:04:00,2025-06-07 11:18:00,MXP,LHR
788,AirbusA320-0004,2025-06-07 18:24:00,2025-06-07 20:26:00,ORY,MXP
789,AirbusA320-0007,2025-06-07 12:53:00,2025-06-07 15:45:00,ORY,AMS
790,AirbusA320-0007,2025-06-07 23:44:00,2025-06-08 02:15:00,CDG,MXP
791,AirbusA320-0004,2025-06-08 10:09:00,2025-06-08 12:14:00,LTN,FCO
792,Boeing737-0003,2025-06-08 08:47:00,2025-06-08 11:31:00,AMS,ORY
793,Boeing737-0006,2025-06-08 17:24:00,2025-06-08 19:51:00,LHR,MXP
794,AirbusA320-0004,2025-06-08 17:08:00,2025-06-08 20:07:00,LHR,AMS
795,AirbusA320-0004,2025-06-08 19:56:00,2025-06-08 22:37:00,LTN,LGW
796,EmbraerE195-0008,2025-06-09 06:08:00,2025-06-09 08:54:00,MXP,FRA
797,Boeing737-0003,2025-06-09 01:37:00,2025-06-09 03:54:00,LTN,LGW
798,EmbraerE195-0005,2025-06-09 03:57:00,2025-06-09 06:13:00,AMS,LHR
799,Boeing737-0003,2025-06-09 21:29:00,2025-06-10 00:00:00,LGW,CDG
800,EmbraerE195-0011,2025-06-09 20:32:00,2025-06-09 22:56:00,LHR,LTN
801,EmbraerE195-0008,2025-06-10 22:36:00,2025-06-11 00:52:00,FRA,FCO
802,EmbraerE195-0002,2025-06-10 06:33:00,2025-06-10 08:33:00,LTN,LGW
803,EmbraerE195-0011,2025-06-10 23:06:00,2025-06-11 01:50:00,LGW,AMS
804,AirbusA320-0010,2025-06-10 08:23:00,2025-06-10 10:43:00,LTN,MXP
805,EmbraerE195-0011,2025-06-10 16:44:00,2025-06-10 18:51:00,CDG,LTN
806,AirbusA320-0004,2025-06-11 12:36:00,2025-06-11 14:43:00,AMS,LHR
807,EmbraerE195-0011,2025-06-11 06:57:00,2025-06-11 08:58:00,LGW,FCO
808,EmbraerE195-0008,2025-06-11 06:48:00,2025-06-11 09:39:00,LGW,LTN
809,AirbusA320-0007,2025-06-11 18:05:00,2025-06-11 20:31:00,CDG,ORY
810,AirbusA320-0010,2025-06-11 13:07:00,2025-06-11 15:34:00,ORY,MXP
811,Boeing737-0000,2025-06-12 11:22:00,2025-06-12 13:23:00,LTN,LHR
812,Boeing737-0000,2025-06-12 10:14:00,2025-06-12 12:26:00,MXP,FRA
813,EmbraerE195-0011,2025-06-12 00:18:00,2025-06-12 02:49:00,MXP,LGW
814,EmbraerE195-0008,2025-06-12 14:41:00,2025-06-12 17:21:00,ORY,FCO
815,Boeing737-0003,2025-06-12 15:40:00,2025-06-12 18:20:00,LGW,LTN
816,Boeing737-0009,2025-06-13 01:02:00,2025-06-13 03:14:00,LGW,CDG
817,EmbraerE195-0008,2025-06-13 01:53:00,2025-06-13 03:58:00,LTN,LHR
818,EmbraerE195-0008,2025-06-13 06:33:00,2025-06-13 08:59:00,CDG,FRA
819,AirbusA320-0001,2025-06-13 09:57:00,2025-06-13 12:18:00,CDG,FCO
820,AirbusA320-0010,2025-06-13 02:57:00,2025-06-13 05:52:00,CDG,LGW
821,Boeing737-0000,2025-06-14 06:28:00,2025-06-14 09:26:00,ORY,LGW
822,AirbusA320-0001,2025-06-14 08:44:00,2025-06-14 10:54:00,LIS,MXP
823,AirbusA320-0010,2025-06-14 12:52:00,2025-06-14 14:56:00,LHR,ORY
824,Boeing737-0000,2025-06-14 18:41:00,2025-06-14 21:19:00,FCO,FRA
825,Boeing737-0009,2025-06-14 07:49:00,2025-06-14 10:21:00,LIS,LTN
826,AirbusA320-0010,2025-06-15 13:32:00,2025-06-15 15:48:00,FRA,LHR
827,Boeing737-0009,2025-06-15 20:05:00,2025-06-15 22:27:00,FRA,LIS
828,Boeing737-0003,2025-06-15 21:46:00,2025-06-16 00:05:00,LGW,FCO
829,EmbraerE195-0005,2025-06-15 11:22:00,2025-06-15 14:18:00,CDG,AMS
830,Boeing737-0000,2025-06-15 00:24:00,2025-06-15 02:55:00,LIS,MXP
831,EmbraerE195-0011,2025-06-16 02:41:00,2025-06-16 05:04:00,CDG,MXP
832,EmbraerE195-0008,2025-06-16 10:52:00,2025-06-16 13:45:00,LIS,ORY
833,Boeing737-0000,2025-06-16 14:20:00,2025-06-16 16:56:00,LHR,FCO
834,Boeing737-0000,2025-06-16 14:10:00,2025-06-16 16:39:00,MXP,FCO
835,EmbraerE195-0011,2025-06-16 01:00:00,2025-06-16 03:33:00,FRA,MXP
836,Boeing737-0006,2025-06-17 19:05:00,2025-06-17 21:34:00,FRA,FCO
837,Boeing737-0009,2025-06-17 08:37:00,2025-06-17 11:21:00,CDG,LTN
838,Boeing737-0000,2025-06-17 17:05:00,2025-06-17 19:13:00,AMS,CDG
839,AirbusA320-0007,2025-06-17 04:33:00,2025-06-17 07:16:00,LIS,MXP
840,Boeing737-0000,2025-06-17 22:58:00,2025-06-18 01:42:00,AMS,LHR
841,EmbraerE195-0011,2025-06-18 07:46:00,2025-06-18 10:44:00,FRA,AMS
842,EmbraerE195-0011,2025-06-18 10:17:00,2025-06-18 12:49:00,MXP,ORY
843,Boeing737-0006,2025-06-18 15:08:00,2025-06-18 17:29:00,LGW,ORY
844,AirbusA320-0007,2025-06-18 01:20:00,2025-06-18 03:33:00,LGW,FRA
845,Boeing737-0006,2025-06-18 16:47:00,2025-06-18 18:52:00,FRA,ORY
846,AirbusA320-0004,2025-06-19 01:54:00,2025-06-19 03:58:00,CDG,LIS
847,AirbusA320-0004,2025-06-19 05:18:00,2025-06-19 07:18:00,FCO,MXP
848,Boeing737-0000,2025-06-19 16:48:00,2025-06-19 18:54:00,FCO,FRA
849,Boeing737-0009,2025-06-19 21:32:00,2025-06-20 00:26:00,ORY,FRA
850,Boeing737-0009,2025-06-19 15:23:00,2025-06-19 17:28:00,FCO,LGW
851,EmbraerE195-0002,2025-06-20 09:10:00,2025-06-20 11:46:00,FCO,LGW
852,Boeing737-0000,2025-06-20 09:46:00,2025-06-20 12:42:00,FCO,MXP
853,EmbraerE195-0005,2025-06-20 21:04:00,2025-06-20 23:51:00,AMS,FRA
854,EmbraerE195-0011,2025-06-20 19:55:00,2025-06-20 22:04:00,CDG,LTN
855,Boeing737-0003,2025-06-20 02:33:00,2025-06-20 05:30:00,LHR,MXP
856,Boeing737-0006,2025-06-21 23:57:00,2025-06-22 02:50:00,FRA,LHR
857,AirbusA320-0010,2025-06-21 14:10:00,2025-06-21 16:14:00,LGW,LTN
858,EmbraerE195-0011,2025-06-21 17:43:00,2025-06-21 20:35:00,LGW,LTN
859,Boeing737-0003,2025-06-21 00:42:00,2025-06-21 03:14:00,FRA,CDG
860,EmbraerE195-0002,2025-06-21 14:41:00,2025-06-21 17:21:00,CDG,LGW
861,EmbraerE195-0005,2025-06-22 01:13:00,2025-06-22 03:37:00,ORY,FRA
862,Boeing737-0000,2025-06-22 12:19:00,2025-06-22 14:50:00,AMS,LTN
863,AirbusA320-0004,2025-06-22 06:03:00,2025-06-22 08:56:00,LTN,MXP
864,EmbraerE195-0008,2025-06-22 18:58:00,2025-06-22 21:56:00,FCO,LIS
865,Boeing737-0009,2025-06-22 08:18:00,2025-06-22 10:41:00,LTN,FCO
866,EmbraerE195-0005,2025-06-23 12:03:00,2025-06-23 14:30:00,AMS,FRA
867,AirbusA320-0007,2025-06-23 20:18:00,2025-06-23 22:30:00,MXP,LHR
868,EmbraerE195-0002,2025-06-23 12:58:00,2025-06-23 15:17:00,LTN,AMS
869,AirbusA320-0007,2025-06-23 09:51:00,2025-06-23 12:22:00,MXP,FCO
870,AirbusA320-0004,2025-06-23 17:06:00,2025-06-23 19:22:00,FRA,AMS
871,Boeing737-0000,2025-06-24 14:44:00,2025-06-24 16:44:00,AMS,LTN
872,Boeing737-0003,2025-06-24 08:59:00,2025-06-24 11:42:00,MXP,LIS
873,EmbraerE195-0002,2025-06-24 13:37:00,2025-06-24 15:41:00,FRA,FCO
874,EmbraerE195-0008,2025-06-24 12:50:00,2025-06-24 15:27:00,ORY,MXP
875,Boeing737-0006,2025-06-24 17:59:00,2025-06-24 20:36:00,CDG,FRA
876,EmbraerE195-0002,2025-06-25 19:49:00,2025-06-25 22:08:00,FCO,LTN
877,Boeing737-0006,2025-06-25 06:09:00,2025-06-25 08:23:00,LIS,LTN
878,EmbraerE195-0002,2025-06-25 06:00:00,2025-06-25 08:58:00,LHR,LGW
879,AirbusA320-0004,2025-06-25 05:05:00,2025-06-25 07:30:00,MXP,CDG
880,Boeing737-0009,2025-06-25 05:18:00,2025-06-25 08:15:00,LHR,MXP
881,Boeing737-0000,2025-06-26 16:34:00,2025-06-26 19:10:00,CDG,LTN
882,Boeing737-0009,2025-06-26 03:43:00,2025-06-26 06:28:00,FRA,AMS
883,Boeing737-0009,2025-06-26 15:25:00,2025-06-26 17:25:00,LIS,FCO
884,EmbraerE195-0002,2025-06-26 03:49:00,2025-06-26 06:45:00,LHR,MXP
885,Boeing737-0009,2025-06-26 15:58:00,2025-06-26 18:17:00,LTN,FRA
886,Boeing737-0003,2025-06-27 23:55:00,2025-06-28 02:48:00,LHR,AMS
887,Boeing737-0003,2025-06-27 14:56:00,2025-06-27 16:57:00,AMS,LIS
888,EmbraerE195-0008,2025-06-27 00:54:00,2025-06-27 03:53:00,LHR,ORY
889,Boeing737-0006,2025-06-27 00:26:00,2025-06-27 02:49:00,LHR,MXP
890,EmbraerE195-0002,2025-06-27 06:01:00,2025-06-27 08:22:00,CDG,LHR
891,Boeing737-0000,2025-06-28 12:59:00,2025-06-28 15:19:00,AMS,FCO
892,AirbusA320-0010,2025-06-28 22:42:00,2025-06-29 00:44:00,MXP,LIS
893,AirbusA320-0004,2025-06-28 02:18:00,2025-06-28 04:49:00,ORY,LIS
894,AirbusA320-0001,2025-06-28 18:51:00,2025-06-28 21:37:00,LHR,LGW
895,AirbusA320-0007,2025-06-28 09:41:00,2025-06-28 11:54:00,LHR,FRA
896,AirbusA320-0007,2025-06-29 20:59:00,2025-06-29 23:04:00,ORY,LTN
897,EmbraerE195-0002,2025-06-29 11:52:00,2025-06-29 14:18:00,CDG,MXP
898,AirbusA320-0001,2025-06-29 18:17:00,2025-06-29 21:02:00,FRA,LTN
899,EmbraerE195-0005,2025-06-29 11:54:00,2025-06-29 14:05:00,LHR,FCO
900,EmbraerE195-0008,2025-06-29 13:27:00,2025-06-29 15:27:00,LIS,FCO
901,EmbraerE195-0005,2025-06-30 13:40:00,2025-06-30 15:49:00,LTN,CDG
902,AirbusA320-0001,2025-06-30 12:08:00,2025-06-30 14:11:00,MXP,AMS
903,AirbusA320-0004,2025-06-30 13:10:00,2025-06-30 15:42:00,LTN,LGW
904,EmbraerE195-0005,2025-06-30 21:12:00,2025-06-30 23:32:00,LGW,LHR
905,AirbusA320-0001,2025-06-30 11:47:00,2025-06-30 14:13:00,LGW,AMS
906,AirbusA320-0001,2025-07-01 00:31:00,2025-07-01 03:25:00,FCO,FRA
907,Boeing737-0009,2025-07-01 05:56:00,2025-07-01 08:24:00,CDG,LGW
908,AirbusA320-0001,2025-07-01 02:31:00,2025-07-01 05:30:00,LGW,LHR
909,EmbraerE195-0011,2025-07-01 21:11:00,2025-07-01 23:20:00,FCO,ORY
910,EmbraerE195-0002,2025-07-01 22:32:00,2025-07-02 00:35:00,LIS,CDG
911,AirbusA320-0010,2025-07-02 09:41:00,2025-07-02 11:55:00,ORY,LGW
912,AirbusA320-0004,2025-07-02 14:23:00,2025-07-02 16:41:00,LHR,MXP
913,EmbraerE195-0008,2025-07-02 23:52:00,2025-07-03 02:18:00,LGW,LIS
914,AirbusA320-0001,2025-07-02 23:49:00,2025-07-03 02:27:00,LGW,ORY
915,AirbusA320-0010,2025-07-02 18:36:00,2025-07-02 20:54:00,ORY,LTN
916,Boeing737-0003,2025-07-03 01:24:00,2025-07-03 04:16:00,LGW,AMS
917,Boeing737-0006,2025-07-03 10:54:00,2025-07-03 13:47:00,LHR,MXP
918,AirbusA320-0007,2025-07-03 13:15:00,2025-07-03 16:12:00,MXP,LTN
919,EmbraerE195-0005,2025-07-03 12:12:00,2025-07-03 14:39:00,CDG,LGW
920,AirbusA320-0001,2025-07-03 05:14:00,2025-07-03 07:29:00,LGW,LTN
921,Boeing737-0009,2025-07-04 01:55:00,2025-07-04 04:02:00,LGW,LTN
922,EmbraerE195-0002,2025-07-04 22:57:00,2025-07-05 01:10:00,ORY,LTN
923,EmbraerE195-0002,2025-07-04 08:09:00,2025-07-04 10:18:00,FRA,LIS
924,Boeing737-0009,2025-07-04 06:54:00,2025-07-04 09:23:00,MXP,LGW
925,EmbraerE195-0005,2025-07-04 15:40:00,2025-07-04 18:05:00,MXP,LGW
926,Boeing737-0006,2025-07-05 01:44:00,2025-07-05 04:19:00,LIS,ORY
927,AirbusA320-0007,2025-07-05 22:04:00,2025-07-06 00:28:00,LHR,AMS
928,EmbraerE195-0002,2025-07-05 14:23:00,2025-07-05 17:06:00,LGW,MXP
929,AirbusA320-0004,2025-07-05 12:53:00,2025-07-05 14:59:00,LHR,AMS
930,AirbusA320-0001,2025-07-05 16:31:00,2025-07-05 18:34:00,FCO,LGW
931,EmbraerE195-0008,2025-07-06 13:39:00,2025-07-06 16:01:00,CDG,ORY
932,AirbusA320-0001,2025-07-06 11:47:00,2025-07-06 14:31:00,LIS,MXP
933,AirbusA320-0010,2025-07-06 04:21:00,2025-07-06 06:36:00,CDG,FCO
934,AirbusA320-0001,2025-07-06 02:07:00,2025-07-06 04:49:00,LHR,LTN
935,EmbraerE195-0002,2025-07-06 21:45:00,2025-07-06 23:48:00,LTN,CDG
936,EmbraerE195-0008,2025-07-07 15:18:00,2025-07-07 17:58:00,AMS,MXP
937,AirbusA320-0004,2025-07-07 16:53:00,2025-07-07 19:35:00,ORY,LTN
938,EmbraerE195-0008,2025-07-07 02:28:00,2025-07-07 05:15:00,FCO,AMS
939,AirbusA320-0004,2025-07-07 11:54:00,2025-07-07 14:48:00,AMS,FRA
940,EmbraerE195-0005,2025-07-07 16:47:00,2025-07-07 19:00:00,LHR,MXP
941,AirbusA320-0007,2025-07-08 03:14:00,2025-07-08 06:03:00,LHR,CDG
942,Boeing737-0006,2025-07-08 15:49:00,2025-07-08 18:21:00,MXP,LGW
943,AirbusA320-0004,2025-07-08 18:07:00,2025-07-08 20:28:00,FRA,LIS
944,EmbraerE195-0011,2025-07-08 06:59:00,2025-07-08 09:03:00,LHR,CDG
945,Boeing737-0009,2025-07-08 22:16:00,2025-07-09 00:37:00,LTN,MXP
946,EmbraerE195-0008,2025-07-09 04:57:00,2025-07-09 07:43:00,LTN,FCO
947,AirbusA320-0004,2025-07-09 08:52:00,2025-07-09 11:49:00,CDG,LTN
948,Boeing737-0003,2025-07-09 20:36:00,2025-07-09 23:08:00,CDG,LTN
949,AirbusA320-0007,2025-07-09 12:58:00,2025-07-09 15:53:00,LTN,FRA
950,AirbusA320-0001,2025-07-09 09:43:00,2025-07-09 11:54:00,AMS,LTN
951,AirbusA320-0007,2025-07-10 05:02:00,2025-07-10 07:47:00,ORY,LHR
952,EmbraerE195-0005,2025-07-10 16:17:00,2025-07-10 19:08:00,FCO,FRA
953,AirbusA320-0001,2025-07-10 22:20:00,2025-07-11 00:49:00,LIS,FCO
954,EmbraerE195-0008,2025-07-10 02:02:00,2025-07-10 04:21:00,FRA,MXP
955,Boeing737-0006,2025-07-10 04:24:00,2025-07-10 07:19:00,CDG,AMS
956,EmbraerE195-0008,2025-07-11 09:10:00,2025-07-11 12:05:00,AMS,LTN
957,AirbusA320-0004,2025-07-11 13:39:00,2025-07-11 15:54:00,LIS,MXP
958,AirbusA320-0001,2025-07-11 05:25:00,2025-07-11 08:10:00,FRA,FCO
959,EmbraerE195-0011,2025-07-11 22:38:00,2025-07-12 01:23:00,AMS,MXP
960,AirbusA320-0001,2025-07-11 22:32:00,2025-07-12 00:59:00,LIS,FCO
961,EmbraerE195-0002,2025-07-12 17:07:00,2025-07-12 19:28:00,LHR,ORY
962,AirbusA320-0010,2025-07-12 17:13:00,2025-07-12 20:06:00,FRA,CDG
963,AirbusA320-0004,2025-07-12 19:46:00,2025-07-12 22:04:00,FCO,ORY
964,EmbraerE195-0005,2025-07-12 23:30:00,2025-07-13 02:23:00,MXP,FCO
965,EmbraerE195-0011,2025-07-12 20:00:00,2025-07-12 22:45:00,LHR,AMS
966,AirbusA320-0010,2025-07-13 18:03:00,2025-07-13 20:32:00,LHR,LTN
967,Boeing737-0009,2025-07-13 18:15:00,2025-07-13 20:42:00,FRA,CDG
968,AirbusA320-0007,2025-07-13 04:04:00,2025-07-13 06:36:00,LGW,FRA
969,AirbusA320-0004,2025-07-13 07:39:00,2025-07-13 10:23:00,ORY,LIS
970,AirbusA320-0010,2025-07-13 20:23:00,2025-07-13 23:15:00,ORY,CDG
971,EmbraerE195-0008,2025-07-14 06:29:00,2025-07-14 08:48:00,LTN,LGW
972,AirbusA320-0004,2025-07-14 17:59:00,2025-07-14 20:46:00,AMS,LTN
973,AirbusA320-0007,2025-07-14 04:22:00,2025-07-14 06:42:00,LTN,LIS
974,EmbraerE195-0005,2025-07-14 19:31:00,2025-07-14 21:51:00,FCO,MXP
975,Boeing737-0009,2025-07-14 21:44:00,2025-07-15 00:29:00,LIS,LGW
976,EmbraerE195-0005,2025-07-15 06:58:00,2025-07-15 09:56:00,FRA,LTN
977,AirbusA320-0001,2025-07-15 02:59:00,2025-07-15 05:17:00,LHR,AMS
978,Boeing737-0006,2025-07-15 14:28:00,2025-07-15 17:25:00,LIS,LTN
979,Boeing737-0009,2025-07-15 18:47:00,2025-07-15 20:53:00,LTN,FRA
980,AirbusA320-0004,2025-07-15 13:06:00,2025-07-15 15:09:00,FCO,FRA
981,EmbraerE195-0002,2025-07-16 07:44:00,2025-07-16 09:46:00,LHR,ORY
982,AirbusA320-0004,2025-07-16 02:36:00,2025-07-16 05:10:00,AMS,FRA
983,EmbraerE195-0002,2025-07-16 03:23:00,2025-07-16 06:17:00,MXP,CDG
984,Boeing737-0003,2025-07-16 00:50:00,2025-07-16 03:34:00,FRA,LGW
985,EmbraerE195-0011,2025-07-16 06:20:00,2025-07-16 08:21:00,AMS,LGW
986,EmbraerE195-0011,2025-07-17 19:55:00,2025-07-17 21:56:00,FRA,LGW
987,EmbraerE195-0002,2025-07-17 13:53:00,2025-07-17 16:21:00,AMS,FRA
988,EmbraerE195-0005,2025-07-17 10:21:00,2025-07-17 12:39:00,LHR,FRA
989,Boeing737-0000,2025-07-17 11:26:00,2025-07-17 14:19:00,LHR,CDG
990,EmbraerE195-0002,2025-07-17 16:51:00,2025-07-17 19:41:00,FRA,FCO
991,AirbusA320-0001,2025-07-18 08:03:00,2025-07-18 10:40:00,LIS,LGW
992,EmbraerE195-0002,2025-07-18 21:15:00,2025-07-18 23:26:00,LIS,LTN
993,Boeing737-0006,2025-07-18 22:30:00,2025-07-19 01:07:00,LGW,FCO
994,Boeing737-0003,2025-07-18 07:48:00,2025-07-18 10:09:00,CDG,FRA
995,AirbusA320-0004,2025-07-18 18:05:00,2025-07-18 20:24:00,FRA,ORY
996,Boeing737-0006,2025-07-19 09:38:00,2025-07-19 11:48:00,LTN,FRA
997,AirbusA320-0007,2025-07-19 14:03:00,2025-07-19 16:56:00,ORY,FRA
998,EmbraerE195-0002,2025-07-19 01:25:00,2025-07-19 03:26:00,LTN,MXP
999,Boeing737-0009,2025-07-19 11:32:00,2025-07-19 14:03:00,LHR,FRA
1000,EmbraerE195-0002,2025-07-19 01:17:00,2025-07-19 03:42:00,AMS,CDG
1001,EmbraerE195-0005,2025-07-20 03:08:00,2025-07-20 05:21:00,ORY,LHR
1002,Boeing737-0009,2025-07-20 00:11:00,2025-07-20 02:29:00,FCO,LHR
1003,AirbusA320-0010,2025-07-20 05:30:00,2025-07-20 08:14:00,LHR,AMS
1004,EmbraerE195-0008,2025-07-20 20:52:00,2025-07-20 23:45:00,LIS,AMS
1005,EmbraerE195-0008,2025-07-20 15:49:00,2025-07-20 18:17:00,FCO,AMS
1006,AirbusA320-0001,2025-07-21 14:09:00,2025-07-21 17:08:00,FCO,CDG
1007,AirbusA320-0001,2025-07-21 21:07:00,2025-07-21 23:46:00,ORY,MXP
1008,EmbraerE195-0008,2025-07-21 01:09:00,2025-07-21 03:33:00,LHR,FRA
1009,AirbusA320-0001,2025-07-21 20:14:00,2025-07-21 23:05:00,FRA,ORY
1010,Boeing737-0009,2025-07-21 03:01:00,2025-07-21 05:29:00,ORY,FCO
1011,EmbraerE195-0002,2025-07-22 02:22:00,2025-07-22 04:52:00,AMS,FCO
1012,Boeing737-0000,2025-07-22 11:51:00,2025-07-22 14:02:00,FCO,LIS
1013,EmbraerE195-0002,2025-07-22 03:41:00,2025-07-22 06:14:00,ORY,LTN
1014,Boeing737-0006,2025-07-22 23:49:00,2025-07-23 01:51:00,ORY,LHR
1015,EmbraerE195-0005,2025-07-22 02:08:00,2025-07-22 05:07:00,ORY,LTN
1016,EmbraerE195-0002,2025-07-23 05:40:00,2025-07-23 07:58:00,MXP,AMS
1017,Boeing737-0009,2025-07-23 00:39:00,2025-07-23 03:15:00,MXP,FCO
1018,Boeing737-0009,2025-07-23 20:43:00,2025-07-23 23:02:00,LHR,CDG
1019,Boeing737-0006,2025-07-23 06:48:00,2025-07-23 09:41:00,LGW,LIS
1020,AirbusA320-0001,2025-07-23 15:11:00,2025-07-23 17:39:00,LTN,AMS
1021,Boeing737-0000,2025-07-24 06:58:00,2025-07-24 09:37:00,FCO,LIS
1022,AirbusA320-0007,2025-07-24 17:33:00,2025-07-24 19:49:00,LIS,CDG
1023,AirbusA320-0004,2025-07-24 04:30:00,2025-07-24 07:10:00,LHR,ORY
1024,Boeing737-0009,2025-07-24 05:36:00,2025-07-24 08:32:00,FRA,LHR
1025,Boeing737-0006,2025-07-24 12:20:00,2025-07-24 15:19:00,ORY,LTN
1026,AirbusA320-0001,2025-07-25 18:02:00,2025-07-25 20:46:00,LHR,LTN
1027,AirbusA320-0004,2025-07-25 22:32:00,2025-07-26 00:49:00,FRA,LHR
1028,Boeing737-0003,2025-07-25 08:13:00,2025-07-25 10:19:00,FCO,LIS
1029,AirbusA320-0004,2025-07-25 01:01:00,2025-07-25 03:21:00,LTN,AMS
1030,Boeing737-0000,2025-07-25 22:00:00,2025-07-26 00:56:00,AMS,LIS
1031,EmbraerE195-0005,2025-07-26 11:19:00,2025-07-26 14:05:00,CDG,LTN
1032,Boeing737-0006,2025-07-26 05:59:00,2025-07-26 08:35:00,LIS,AMS
1033,AirbusA320-0004,2025-07-26 13:05:00,2025-07-26 15:27:00,AMS,FRA
1034,Boeing737-0000,2025-07-26 04:47:00,2025-07-26 07:09:00,MXP,FRA
1035,Boeing737-0000,2025-07-26 15:59:00,2025-07-26 18:57:00,LGW,CDG
1036,Boeing737-0000,2025-07-27 13:40:00,2025-07-27 15:53:00,AMS,MXP
1037,Boeing737-0009,2025-07-27 15:20:00,2025-07-27 18:17:00,ORY,AMS
1038,AirbusA320-0004,2025-07-27 17:33:00,2025-07-27 20:19:00,LIS,FCO
1039,AirbusA320-0007,2025-07-27 17:53:00,2025-07-27 20:16:00,LTN,LHR
1040,Boeing737-0006,2025-07-27 17:40:00,2025-07-27 19:58:00,LHR,AMS
1041,Boeing737-0003,2025-07-28 17:49:00,2025-07-28 20:35:00,LHR,FCO
1042,AirbusA320-0001,2025-07-28 18:56:00,2025-07-28 21:43:00,FCO,ORY
1043,Boeing737-0003,2025-07-28 23:03:00,2025-07-29 02:02:00,LTN,LGW
1044,Boeing737-0009,2025-07-28 16:30:00,2025-07-28 18:52:00,LTN,FRA
1045,EmbraerE195-0005,2025-07-28 21:44:00,2025-07-29 00:32:00,ORY,CDG
1046,AirbusA320-0001,2025-07-29 07:12:00,2025-07-29 09:45:00,FCO,LIS
1047,Boeing737-0006,2025-07-29 08:03:00,2025-07-29 10:05:00,MXP,CDG
1048,Boeing737-0006,2025-07-29 02:20:00,2025-07-29 04:53:00,LIS,FRA
1049,AirbusA320-0007,2025-07-29 14:44:00,2025-07-29 17:26:00,LGW,LTN
1050,AirbusA320-0001,2025-07-29 18:30:00,2025-07-29 21:03:00,LIS,LTN
1051,EmbraerE195-0005,2025-07-30 20:42:00,2025-07-30 22:55:00,LGW,LIS
1052,EmbraerE195-0002,2025-07-30 12:01:00,2025-07-30 14:45:00,AMS,LHR
1053,AirbusA320-0001,2025-07-30 13:09:00,2025-07-30 15:40:00,ORY,CDG
1054,EmbraerE195-0005,2025-07-30 08:37:00,2025-07-30 10:56:00,LGW,LTN
1055,Boeing737-0009,2025-07-30 23:46:00,2025-07-31 02:25:00,LIS,LGW
1056,AirbusA320-0010,2025-07-31 20:20:00,2025-07-31 22:46:00,LGW,ORY
1057,AirbusA320-0007,2025-07-31 21:11:00,2025-08-01 00:03:00,FRA,MXP
1058,AirbusA320-0010,2025-07-31 00:42:00,2025-07-31 03:20:00,LTN,FRA
1059,EmbraerE195-0002,2025-07-31 06:00:00,2025-07-31 08:13:00,ORY,FCO
1060,AirbusA320-0001,2025-07-31 21:06:00,2025-07-31 23:36:00,ORY,LGW
